Sex,Single Year of Age,Administrative Counties,VALUE
Male,0,Ireland,29610
Male,0,Carlow County Council,346
Male,0,Dublin City Council,3188
Male,0,Dún Laoghaire Rathdown County Council,1269
Male,0,Fingal County Council,2059
Male,0,South Dublin County Council,1855
Male,0,Kildare County Council,1550
Male,0,Kilkenny County Council,570
Male,0,Laois County Council,555
Male,0,Longford County Council,257
Male,0,Louth County Council,852
Male,0,Meath County Council,1406
Male,0,Offaly County Council,481
Male,0,Westmeath County Council,594
Male,0,Wexford County Council,910
Male,0,Wicklow County Council,910
Male,0,Clare County Council,686
Male,0,Cork City Council,1159
Male,0,Cork County Council,2135
Male,0,Kerry County Council,822
Male,0,Limerick City & County Council,1116
Male,0,Tipperary County Council,1017
Male,0,Waterford City & County Council,678
Male,0,Galway City Council,405
Male,0,Galway County Council,1176
Male,0,Leitrim County Council,200
Male,0,Mayo  County Council,790
Male,0,Roscommon County Council,382
Male,0,Sligo County Council,376
Male,0,Cavan County Council,505
Male,0,Donegal County Council,916
Male,0,Monaghan County Council,445
Male,1,Ireland,28875
Male,1,Carlow County Council,347
Male,1,Dublin City Council,2937
Male,1,Dún Laoghaire Rathdown County Council,1245
Male,1,Fingal County Council,1987
Male,1,South Dublin County Council,1922
Male,1,Kildare County Council,1535
Male,1,Kilkenny County Council,576
Male,1,Laois County Council,517
Male,1,Longford County Council,244
Male,1,Louth County Council,809
Male,1,Meath County Council,1403
Male,1,Offaly County Council,491
Male,1,Westmeath County Council,556
Male,1,Wexford County Council,846
Male,1,Wicklow County Council,862
Male,1,Clare County Council,656
Male,1,Cork City Council,1148
Male,1,Cork County Council,2070
Male,1,Kerry County Council,811
Male,1,Limerick City & County Council,1148
Male,1,Tipperary County Council,936
Male,1,Waterford City & County Council,664
Male,1,Galway City Council,362
Male,1,Galway County Council,1135
Male,1,Leitrim County Council,204
Male,1,Mayo  County Council,776
Male,1,Roscommon County Council,380
Male,1,Sligo County Council,383
Male,1,Cavan County Council,527
Male,1,Donegal County Council,963
Male,1,Monaghan County Council,435
Male,2,Ireland,30236
Male,2,Carlow County Council,355
Male,2,Dublin City Council,3035
Male,2,Dún Laoghaire Rathdown County Council,1251
Male,2,Fingal County Council,2196
Male,2,South Dublin County Council,1867
Male,2,Kildare County Council,1543
Male,2,Kilkenny County Council,620
Male,2,Laois County Council,605
Male,2,Longford County Council,301
Male,2,Louth County Council,901
Male,2,Meath County Council,1463
Male,2,Offaly County Council,489
Male,2,Westmeath County Council,576
Male,2,Wexford County Council,914
Male,2,Wicklow County Council,906
Male,2,Clare County Council,729
Male,2,Cork City Council,1144
Male,2,Cork County Council,2184
Male,2,Kerry County Council,848
Male,2,Limerick City & County Council,1243
Male,2,Tipperary County Council,957
Male,2,Waterford City & County Council,664
Male,2,Galway City Council,406
Male,2,Galway County Council,1188
Male,2,Leitrim County Council,224
Male,2,Mayo  County Council,795
Male,2,Roscommon County Council,465
Male,2,Sligo County Council,404
Male,2,Cavan County Council,541
Male,2,Donegal County Council,988
Male,2,Monaghan County Council,434
Male,3,Ireland,31001
Male,3,Carlow County Council,376
Male,3,Dublin City Council,2875
Male,3,Dún Laoghaire Rathdown County Council,1304
Male,3,Fingal County Council,2223
Male,3,South Dublin County Council,1997
Male,3,Kildare County Council,1611
Male,3,Kilkenny County Council,606
Male,3,Laois County Council,648
Male,3,Longford County Council,283
Male,3,Louth County Council,816
Male,3,Meath County Council,1539
Male,3,Offaly County Council,531
Male,3,Westmeath County Council,590
Male,3,Wexford County Council,961
Male,3,Wicklow County Council,976
Male,3,Clare County Council,723
Male,3,Cork City Council,1188
Male,3,Cork County Council,2260
Male,3,Kerry County Council,867
Male,3,Limerick City & County Council,1193
Male,3,Tipperary County Council,1029
Male,3,Waterford City & County Council,755
Male,3,Galway City Council,410
Male,3,Galway County Council,1247
Male,3,Leitrim County Council,240
Male,3,Mayo  County Council,814
Male,3,Roscommon County Council,441
Male,3,Sligo County Council,420
Male,3,Cavan County Council,560
Male,3,Donegal County Council,1030
Male,3,Monaghan County Council,488
Male,4,Ireland,31686
Male,4,Carlow County Council,376
Male,4,Dublin City Council,2869
Male,4,Dún Laoghaire Rathdown County Council,1380
Male,4,Fingal County Council,2275
Male,4,South Dublin County Council,2002
Male,4,Kildare County Council,1704
Male,4,Kilkenny County Council,616
Male,4,Laois County Council,643
Male,4,Longford County Council,276
Male,4,Louth County Council,918
Male,4,Meath County Council,1578
Male,4,Offaly County Council,519
Male,4,Westmeath County Council,599
Male,4,Wexford County Council,1020
Male,4,Wicklow County Council,1010
Male,4,Clare County Council,739
Male,4,Cork City Council,1142
Male,4,Cork County Council,2358
Male,4,Kerry County Council,876
Male,4,Limerick City & County Council,1240
Male,4,Tipperary County Council,1074
Male,4,Waterford City & County Council,756
Male,4,Galway City Council,412
Male,4,Galway County Council,1354
Male,4,Leitrim County Council,223
Male,4,Mayo  County Council,842
Male,4,Roscommon County Council,427
Male,4,Sligo County Council,412
Male,4,Cavan County Council,555
Male,4,Donegal County Council,1042
Male,4,Monaghan County Council,449
Male,5,Ireland,32684
Male,5,Carlow County Council,384
Male,5,Dublin City Council,2793
Male,5,Dún Laoghaire Rathdown County Council,1442
Male,5,Fingal County Council,2387
Male,5,South Dublin County Council,2107
Male,5,Kildare County Council,1692
Male,5,Kilkenny County Council,693
Male,5,Laois County Council,641
Male,5,Longford County Council,347
Male,5,Louth County Council,897
Male,5,Meath County Council,1601
Male,5,Offaly County Council,569
Male,5,Westmeath County Council,659
Male,5,Wexford County Council,1022
Male,5,Wicklow County Council,1063
Male,5,Clare County Council,821
Male,5,Cork City Council,1176
Male,5,Cork County Council,2406
Male,5,Kerry County Council,938
Male,5,Limerick City & County Council,1294
Male,5,Tipperary County Council,1083
Male,5,Waterford City & County Council,787
Male,5,Galway City Council,437
Male,5,Galway County Council,1326
Male,5,Leitrim County Council,229
Male,5,Mayo  County Council,880
Male,5,Roscommon County Council,471
Male,5,Sligo County Council,427
Male,5,Cavan County Council,599
Male,5,Donegal County Council,1079
Male,5,Monaghan County Council,434
Male,6,Ireland,34092
Male,6,Carlow County Council,383
Male,6,Dublin City Council,2934
Male,6,Dún Laoghaire Rathdown County Council,1485
Male,6,Fingal County Council,2502
Male,6,South Dublin County Council,2141
Male,6,Kildare County Council,1784
Male,6,Kilkenny County Council,763
Male,6,Laois County Council,698
Male,6,Longford County Council,337
Male,6,Louth County Council,987
Male,6,Meath County Council,1588
Male,6,Offaly County Council,557
Male,6,Westmeath County Council,684
Male,6,Wexford County Council,1107
Male,6,Wicklow County Council,1090
Male,6,Clare County Council,867
Male,6,Cork City Council,1268
Male,6,Cork County Council,2638
Male,6,Kerry County Council,945
Male,6,Limerick City & County Council,1304
Male,6,Tipperary County Council,1123
Male,6,Waterford City & County Council,847
Male,6,Galway City Council,449
Male,6,Galway County Council,1359
Male,6,Leitrim County Council,232
Male,6,Mayo  County Council,917
Male,6,Roscommon County Council,450
Male,6,Sligo County Council,423
Male,6,Cavan County Council,585
Male,6,Donegal County Council,1163
Male,6,Monaghan County Council,482
Male,7,Ireland,35429
Male,7,Carlow County Council,434
Male,7,Dublin City Council,3021
Male,7,Dún Laoghaire Rathdown County Council,1505
Male,7,Fingal County Council,2577
Male,7,South Dublin County Council,2302
Male,7,Kildare County Council,1879
Male,7,Kilkenny County Council,711
Male,7,Laois County Council,713
Male,7,Longford County Council,331
Male,7,Louth County Council,1014
Male,7,Meath County Council,1774
Male,7,Offaly County Council,620
Male,7,Westmeath County Council,654
Male,7,Wexford County Council,1164
Male,7,Wicklow County Council,1152
Male,7,Clare County Council,858
Male,7,Cork City Council,1369
Male,7,Cork County Council,2737
Male,7,Kerry County Council,1011
Male,7,Limerick City & County Council,1332
Male,7,Tipperary County Council,1148
Male,7,Waterford City & County Council,848
Male,7,Galway City Council,460
Male,7,Galway County Council,1368
Male,7,Leitrim County Council,254
Male,7,Mayo  County Council,924
Male,7,Roscommon County Council,507
Male,7,Sligo County Council,508
Male,7,Cavan County Council,607
Male,7,Donegal County Council,1137
Male,7,Monaghan County Council,510
Male,8,Ireland,36296
Male,8,Carlow County Council,415
Male,8,Dublin City Council,3095
Male,8,Dún Laoghaire Rathdown County Council,1517
Male,8,Fingal County Council,2752
Male,8,South Dublin County Council,2320
Male,8,Kildare County Council,1926
Male,8,Kilkenny County Council,781
Male,8,Laois County Council,723
Male,8,Longford County Council,348
Male,8,Louth County Council,1048
Male,8,Meath County Council,1881
Male,8,Offaly County Council,638
Male,8,Westmeath County Council,700
Male,8,Wexford County Council,1188
Male,8,Wicklow County Council,1132
Male,8,Clare County Council,869
Male,8,Cork City Council,1270
Male,8,Cork County Council,2785
Male,8,Kerry County Council,957
Male,8,Limerick City & County Council,1408
Male,8,Tipperary County Council,1158
Male,8,Waterford City & County Council,916
Male,8,Galway City Council,443
Male,8,Galway County Council,1507
Male,8,Leitrim County Council,254
Male,8,Mayo  County Council,931
Male,8,Roscommon County Council,512
Male,8,Sligo County Council,481
Male,8,Cavan County Council,602
Male,8,Donegal County Council,1224
Male,8,Monaghan County Council,515
Male,9,Ireland,36969
Male,9,Carlow County Council,447
Male,9,Dublin City Council,3040
Male,9,Dún Laoghaire Rathdown County Council,1454
Male,9,Fingal County Council,2775
Male,9,South Dublin County Council,2298
Male,9,Kildare County Council,1939
Male,9,Kilkenny County Council,756
Male,9,Laois County Council,780
Male,9,Longford County Council,390
Male,9,Louth County Council,1063
Male,9,Meath County Council,1805
Male,9,Offaly County Council,610
Male,9,Westmeath County Council,748
Male,9,Wexford County Council,1235
Male,9,Wicklow County Council,1203
Male,9,Clare County Council,933
Male,9,Cork City Council,1346
Male,9,Cork County Council,2802
Male,9,Kerry County Council,1071
Male,9,Limerick City & County Council,1462
Male,9,Tipperary County Council,1127
Male,9,Waterford City & County Council,901
Male,9,Galway City Council,477
Male,9,Galway County Council,1545
Male,9,Leitrim County Council,284
Male,9,Mayo  County Council,978
Male,9,Roscommon County Council,546
Male,9,Sligo County Council,512
Male,9,Cavan County Council,687
Male,9,Donegal County Council,1222
Male,9,Monaghan County Council,533
Male,10,Ireland,38035
Male,10,Carlow County Council,475
Male,10,Dublin City Council,3147
Male,10,Dún Laoghaire Rathdown County Council,1586
Male,10,Fingal County Council,2938
Male,10,South Dublin County Council,2527
Male,10,Kildare County Council,1985
Male,10,Kilkenny County Council,847
Male,10,Laois County Council,793
Male,10,Longford County Council,367
Male,10,Louth County Council,1096
Male,10,Meath County Council,1956
Male,10,Offaly County Council,643
Male,10,Westmeath County Council,715
Male,10,Wexford County Council,1266
Male,10,Wicklow County Council,1183
Male,10,Clare County Council,914
Male,10,Cork City Council,1295
Male,10,Cork County Council,2821
Male,10,Kerry County Council,1043
Male,10,Limerick City & County Council,1476
Male,10,Tipperary County Council,1290
Male,10,Waterford City & County Council,904
Male,10,Galway City Council,450
Male,10,Galway County Council,1556
Male,10,Leitrim County Council,245
Male,10,Mayo  County Council,968
Male,10,Roscommon County Council,524
Male,10,Sligo County Council,553
Male,10,Cavan County Council,651
Male,10,Donegal County Council,1277
Male,10,Monaghan County Council,544
Male,11,Ireland,38296
Male,11,Carlow County Council,514
Male,11,Dublin City Council,3053
Male,11,Dún Laoghaire Rathdown County Council,1536
Male,11,Fingal County Council,2807
Male,11,South Dublin County Council,2382
Male,11,Kildare County Council,2127
Male,11,Kilkenny County Council,800
Male,11,Laois County Council,824
Male,11,Longford County Council,391
Male,11,Louth County Council,1120
Male,11,Meath County Council,1978
Male,11,Offaly County Council,659
Male,11,Westmeath County Council,770
Male,11,Wexford County Council,1220
Male,11,Wicklow County Council,1247
Male,11,Clare County Council,908
Male,11,Cork City Council,1393
Male,11,Cork County Council,2979
Male,11,Kerry County Council,1042
Male,11,Limerick City & County Council,1492
Male,11,Tipperary County Council,1268
Male,11,Waterford City & County Council,934
Male,11,Galway City Council,491
Male,11,Galway County Council,1491
Male,11,Leitrim County Council,266
Male,11,Mayo  County Council,1015
Male,11,Roscommon County Council,553
Male,11,Sligo County Council,497
Male,11,Cavan County Council,704
Male,11,Donegal County Council,1330
Male,11,Monaghan County Council,505
Male,12,Ireland,38957
Male,12,Carlow County Council,441
Male,12,Dublin City Council,3236
Male,12,Dún Laoghaire Rathdown County Council,1561
Male,12,Fingal County Council,3013
Male,12,South Dublin County Council,2459
Male,12,Kildare County Council,2057
Male,12,Kilkenny County Council,825
Male,12,Laois County Council,818
Male,12,Longford County Council,381
Male,12,Louth County Council,1098
Male,12,Meath County Council,1964
Male,12,Offaly County Council,681
Male,12,Westmeath County Council,752
Male,12,Wexford County Council,1215
Male,12,Wicklow County Council,1261
Male,12,Clare County Council,984
Male,12,Cork City Council,1356
Male,12,Cork County Council,3072
Male,12,Kerry County Council,1165
Male,12,Limerick City & County Council,1521
Male,12,Tipperary County Council,1346
Male,12,Waterford City & County Council,984
Male,12,Galway City Council,443
Male,12,Galway County Council,1530
Male,12,Leitrim County Council,256
Male,12,Mayo  County Council,1000
Male,12,Roscommon County Council,508
Male,12,Sligo County Council,521
Male,12,Cavan County Council,645
Male,12,Donegal County Council,1332
Male,12,Monaghan County Council,532
Male,13,Ireland,38474
Male,13,Carlow County Council,484
Male,13,Dublin City Council,3064
Male,13,Dún Laoghaire Rathdown County Council,1544
Male,13,Fingal County Council,2830
Male,13,South Dublin County Council,2373
Male,13,Kildare County Council,2058
Male,13,Kilkenny County Council,843
Male,13,Laois County Council,788
Male,13,Longford County Council,385
Male,13,Louth County Council,1190
Male,13,Meath County Council,1897
Male,13,Offaly County Council,694
Male,13,Westmeath County Council,743
Male,13,Wexford County Council,1338
Male,13,Wicklow County Council,1294
Male,13,Clare County Council,960
Male,13,Cork City Council,1292
Male,13,Cork County Council,2936
Male,13,Kerry County Council,1107
Male,13,Limerick City & County Council,1516
Male,13,Tipperary County Council,1256
Male,13,Waterford City & County Council,942
Male,13,Galway City Council,511
Male,13,Galway County Council,1568
Male,13,Leitrim County Council,259
Male,13,Mayo  County Council,969
Male,13,Roscommon County Council,549
Male,13,Sligo County Council,480
Male,13,Cavan County Council,709
Male,13,Donegal County Council,1377
Male,13,Monaghan County Council,518
Male,14,Ireland,37352
Male,14,Carlow County Council,486
Male,14,Dublin City Council,2806
Male,14,Dún Laoghaire Rathdown County Council,1453
Male,14,Fingal County Council,2714
Male,14,South Dublin County Council,2359
Male,14,Kildare County Council,2037
Male,14,Kilkenny County Council,855
Male,14,Laois County Council,790
Male,14,Longford County Council,372
Male,14,Louth County Council,1089
Male,14,Meath County Council,1841
Male,14,Offaly County Council,687
Male,14,Westmeath County Council,733
Male,14,Wexford County Council,1213
Male,14,Wicklow County Council,1246
Male,14,Clare County Council,954
Male,14,Cork City Council,1271
Male,14,Cork County Council,2855
Male,14,Kerry County Council,1102
Male,14,Limerick City & County Council,1453
Male,14,Tipperary County Council,1263
Male,14,Waterford City & County Council,960
Male,14,Galway City Council,456
Male,14,Galway County Council,1538
Male,14,Leitrim County Council,265
Male,14,Mayo  County Council,974
Male,14,Roscommon County Council,523
Male,14,Sligo County Council,525
Male,14,Cavan County Council,641
Male,14,Donegal County Council,1329
Male,14,Monaghan County Council,562
Male,15,Ireland,35948
Male,15,Carlow County Council,432
Male,15,Dublin City Council,2713
Male,15,Dún Laoghaire Rathdown County Council,1392
Male,15,Fingal County Council,2528
Male,15,South Dublin County Council,2147
Male,15,Kildare County Council,1933
Male,15,Kilkenny County Council,828
Male,15,Laois County Council,747
Male,15,Longford County Council,384
Male,15,Louth County Council,1110
Male,15,Meath County Council,1771
Male,15,Offaly County Council,655
Male,15,Westmeath County Council,703
Male,15,Wexford County Council,1191
Male,15,Wicklow County Council,1195
Male,15,Clare County Council,981
Male,15,Cork City Council,1323
Male,15,Cork County Council,2795
Male,15,Kerry County Council,1092
Male,15,Limerick City & County Council,1409
Male,15,Tipperary County Council,1250
Male,15,Waterford City & County Council,954
Male,15,Galway City Council,444
Male,15,Galway County Council,1381
Male,15,Leitrim County Council,265
Male,15,Mayo  County Council,929
Male,15,Roscommon County Council,511
Male,15,Sligo County Council,512
Male,15,Cavan County Council,628
Male,15,Donegal County Council,1271
Male,15,Monaghan County Council,474
Male,16,Ireland,34646
Male,16,Carlow County Council,431
Male,16,Dublin City Council,2750
Male,16,Dún Laoghaire Rathdown County Council,1381
Male,16,Fingal County Council,2293
Male,16,South Dublin County Council,2104
Male,16,Kildare County Council,1803
Male,16,Kilkenny County Council,783
Male,16,Laois County Council,680
Male,16,Longford County Council,340
Male,16,Louth County Council,1052
Male,16,Meath County Council,1705
Male,16,Offaly County Council,600
Male,16,Westmeath County Council,713
Male,16,Wexford County Council,1197
Male,16,Wicklow County Council,1077
Male,16,Clare County Council,903
Male,16,Cork City Council,1219
Male,16,Cork County Council,2609
Male,16,Kerry County Council,988
Male,16,Limerick City & County Council,1436
Male,16,Tipperary County Council,1160
Male,16,Waterford City & County Council,945
Male,16,Galway City Council,419
Male,16,Galway County Council,1519
Male,16,Leitrim County Council,265
Male,16,Mayo  County Council,945
Male,16,Roscommon County Council,503
Male,16,Sligo County Council,461
Male,16,Cavan County Council,611
Male,16,Donegal County Council,1292
Male,16,Monaghan County Council,462
Male,17,Ireland,34981
Male,17,Carlow County Council,463
Male,17,Dublin City Council,2906
Male,17,Dún Laoghaire Rathdown County Council,1374
Male,17,Fingal County Council,2371
Male,17,South Dublin County Council,2078
Male,17,Kildare County Council,1884
Male,17,Kilkenny County Council,726
Male,17,Laois County Council,703
Male,17,Longford County Council,331
Male,17,Louth County Council,1032
Male,17,Meath County Council,1613
Male,17,Offaly County Council,638
Male,17,Westmeath County Council,685
Male,17,Wexford County Council,1204
Male,17,Wicklow County Council,1168
Male,17,Clare County Council,954
Male,17,Cork City Council,1225
Male,17,Cork County Council,2674
Male,17,Kerry County Council,1057
Male,17,Limerick City & County Council,1391
Male,17,Tipperary County Council,1240
Male,17,Waterford City & County Council,863
Male,17,Galway City Council,438
Male,17,Galway County Council,1457
Male,17,Leitrim County Council,270
Male,17,Mayo  County Council,946
Male,17,Roscommon County Council,481
Male,17,Sligo County Council,481
Male,17,Cavan County Council,596
Male,17,Donegal County Council,1236
Male,17,Monaghan County Council,496
Male,18,Ireland,33900
Male,18,Carlow County Council,437
Male,18,Dublin City Council,3143
Male,18,Dún Laoghaire Rathdown County Council,1427
Male,18,Fingal County Council,2221
Male,18,South Dublin County Council,2022
Male,18,Kildare County Council,1888
Male,18,Kilkenny County Council,715
Male,18,Laois County Council,665
Male,18,Longford County Council,337
Male,18,Louth County Council,999
Male,18,Meath County Council,1593
Male,18,Offaly County Council,637
Male,18,Westmeath County Council,641
Male,18,Wexford County Council,1142
Male,18,Wicklow County Council,997
Male,18,Clare County Council,860
Male,18,Cork City Council,1360
Male,18,Cork County Council,2443
Male,18,Kerry County Council,985
Male,18,Limerick City & County Council,1396
Male,18,Tipperary County Council,1089
Male,18,Waterford City & County Council,882
Male,18,Galway City Council,512
Male,18,Galway County Council,1332
Male,18,Leitrim County Council,229
Male,18,Mayo  County Council,873
Male,18,Roscommon County Council,487
Male,18,Sligo County Council,435
Male,18,Cavan County Council,574
Male,18,Donegal County Council,1175
Male,18,Monaghan County Council,404
Male,19,Ireland,32867
Male,19,Carlow County Council,446
Male,19,Dublin City Council,3669
Male,19,Dún Laoghaire Rathdown County Council,1577
Male,19,Fingal County Council,2167
Male,19,South Dublin County Council,2041
Male,19,Kildare County Council,1744
Male,19,Kilkenny County Council,562
Male,19,Laois County Council,593
Male,19,Longford County Council,287
Male,19,Louth County Council,894
Male,19,Meath County Council,1507
Male,19,Offaly County Council,545
Male,19,Westmeath County Council,585
Male,19,Wexford County Council,941
Male,19,Wicklow County Council,965
Male,19,Clare County Council,829
Male,19,Cork City Council,1674
Male,19,Cork County Council,2259
Male,19,Kerry County Council,880
Male,19,Limerick City & County Council,1467
Male,19,Tipperary County Council,930
Male,19,Waterford City & County Council,826
Male,19,Galway City Council,758
Male,19,Galway County Council,1212
Male,19,Leitrim County Council,162
Male,19,Mayo  County Council,734
Male,19,Roscommon County Council,373
Male,19,Sligo County Council,419
Male,19,Cavan County Council,479
Male,19,Donegal County Council,930
Male,19,Monaghan County Council,412
Male,20,Ireland,32120
Male,20,Carlow County Council,444
Male,20,Dublin City Council,3777
Male,20,Dún Laoghaire Rathdown County Council,1535
Male,20,Fingal County Council,2080
Male,20,South Dublin County Council,1904
Male,20,Kildare County Council,1744
Male,20,Kilkenny County Council,560
Male,20,Laois County Council,537
Male,20,Longford County Council,315
Male,20,Louth County Council,1037
Male,20,Meath County Council,1454
Male,20,Offaly County Council,504
Male,20,Westmeath County Council,562
Male,20,Wexford County Council,932
Male,20,Wicklow County Council,908
Male,20,Clare County Council,828
Male,20,Cork City Council,1652
Male,20,Cork County Council,2004
Male,20,Kerry County Council,807
Male,20,Limerick City & County Council,1428
Male,20,Tipperary County Council,970
Male,20,Waterford City & County Council,794
Male,20,Galway City Council,882
Male,20,Galway County Council,1078
Male,20,Leitrim County Council,185
Male,20,Mayo  County Council,652
Male,20,Roscommon County Council,375
Male,20,Sligo County Council,427
Male,20,Cavan County Council,455
Male,20,Donegal County Council,941
Male,20,Monaghan County Council,349
Male,21,Ireland,30771
Male,21,Carlow County Council,432
Male,21,Dublin City Council,3903
Male,21,Dún Laoghaire Rathdown County Council,1480
Male,21,Fingal County Council,1959
Male,21,South Dublin County Council,1900
Male,21,Kildare County Council,1587
Male,21,Kilkenny County Council,574
Male,21,Laois County Council,534
Male,21,Longford County Council,274
Male,21,Louth County Council,897
Male,21,Meath County Council,1330
Male,21,Offaly County Council,466
Male,21,Westmeath County Council,572
Male,21,Wexford County Council,801
Male,21,Wicklow County Council,879
Male,21,Clare County Council,655
Male,21,Cork City Council,1667
Male,21,Cork County Council,1871
Male,21,Kerry County Council,756
Male,21,Limerick City & County Council,1343
Male,21,Tipperary County Council,939
Male,21,Waterford City & County Council,772
Male,21,Galway City Council,923
Male,21,Galway County Council,1010
Male,21,Leitrim County Council,146
Male,21,Mayo  County Council,629
Male,21,Roscommon County Council,343
Male,21,Sligo County Council,449
Male,21,Cavan County Council,442
Male,21,Donegal County Council,887
Male,21,Monaghan County Council,351
Male,22,Ireland,31450
Male,22,Carlow County Council,408
Male,22,Dublin City Council,4372
Male,22,Dún Laoghaire Rathdown County Council,1607
Male,22,Fingal County Council,1983
Male,22,South Dublin County Council,1873
Male,22,Kildare County Council,1510
Male,22,Kilkenny County Council,555
Male,22,Laois County Council,517
Male,22,Longford County Council,259
Male,22,Louth County Council,852
Male,22,Meath County Council,1314
Male,22,Offaly County Council,502
Male,22,Westmeath County Council,535
Male,22,Wexford County Council,878
Male,22,Wicklow County Council,870
Male,22,Clare County Council,775
Male,22,Cork City Council,1842
Male,22,Cork County Council,1832
Male,22,Kerry County Council,790
Male,22,Limerick City & County Council,1478
Male,22,Tipperary County Council,909
Male,22,Waterford City & County Council,751
Male,22,Galway City Council,895
Male,22,Galway County Council,928
Male,22,Leitrim County Council,170
Male,22,Mayo  County Council,624
Male,22,Roscommon County Council,347
Male,22,Sligo County Council,411
Male,22,Cavan County Council,441
Male,22,Donegal County Council,870
Male,22,Monaghan County Council,352
Male,23,Ireland,30871
Male,23,Carlow County Council,376
Male,23,Dublin City Council,4839
Male,23,Dún Laoghaire Rathdown County Council,1566
Male,23,Fingal County Council,1926
Male,23,South Dublin County Council,1899
Male,23,Kildare County Council,1469
Male,23,Kilkenny County Council,523
Male,23,Laois County Council,503
Male,23,Longford County Council,266
Male,23,Louth County Council,812
Male,23,Meath County Council,1257
Male,23,Offaly County Council,453
Male,23,Westmeath County Council,584
Male,23,Wexford County Council,854
Male,23,Wicklow County Council,811
Male,23,Clare County Council,632
Male,23,Cork City Council,1721
Male,23,Cork County Council,1785
Male,23,Kerry County Council,834
Male,23,Limerick City & County Council,1351
Male,23,Tipperary County Council,866
Male,23,Waterford City & County Council,740
Male,23,Galway City Council,795
Male,23,Galway County Council,907
Male,23,Leitrim County Council,177
Male,23,Mayo  County Council,619
Male,23,Roscommon County Council,336
Male,23,Sligo County Council,365
Male,23,Cavan County Council,436
Male,23,Donegal County Council,809
Male,23,Monaghan County Council,360
Male,24,Ireland,30234
Male,24,Carlow County Council,340
Male,24,Dublin City Council,5137
Male,24,Dún Laoghaire Rathdown County Council,1508
Male,24,Fingal County Council,1818
Male,24,South Dublin County Council,1855
Male,24,Kildare County Council,1340
Male,24,Kilkenny County Council,526
Male,24,Laois County Council,471
Male,24,Longford County Council,239
Male,24,Louth County Council,737
Male,24,Meath County Council,1170
Male,24,Offaly County Council,437
Male,24,Westmeath County Council,567
Male,24,Wexford County Council,837
Male,24,Wicklow County Council,725
Male,24,Clare County Council,649
Male,24,Cork City Council,1687
Male,24,Cork County Council,1704
Male,24,Kerry County Council,750
Male,24,Limerick City & County Council,1355
Male,24,Tipperary County Council,842
Male,24,Waterford City & County Council,711
Male,24,Galway City Council,855
Male,24,Galway County Council,899
Male,24,Leitrim County Council,147
Male,24,Mayo  County Council,644
Male,24,Roscommon County Council,285
Male,24,Sligo County Council,373
Male,24,Cavan County Council,429
Male,24,Donegal County Council,821
Male,24,Monaghan County Council,376
Male,25,Ireland,29969
Male,25,Carlow County Council,330
Male,25,Dublin City Council,5634
Male,25,Dún Laoghaire Rathdown County Council,1532
Male,25,Fingal County Council,1831
Male,25,South Dublin County Council,1761
Male,25,Kildare County Council,1344
Male,25,Kilkenny County Council,539
Male,25,Laois County Council,437
Male,25,Longford County Council,210
Male,25,Louth County Council,750
Male,25,Meath County Council,1073
Male,25,Offaly County Council,424
Male,25,Westmeath County Council,517
Male,25,Wexford County Council,793
Male,25,Wicklow County Council,687
Male,25,Clare County Council,627
Male,25,Cork City Council,1779
Male,25,Cork County Council,1590
Male,25,Kerry County Council,755
Male,25,Limerick City & County Council,1346
Male,25,Tipperary County Council,844
Male,25,Waterford City & County Council,654
Male,25,Galway City Council,788
Male,25,Galway County Council,802
Male,25,Leitrim County Council,142
Male,25,Mayo  County Council,598
Male,25,Roscommon County Council,312
Male,25,Sligo County Council,359
Male,25,Cavan County Council,438
Male,25,Donegal County Council,757
Male,25,Monaghan County Council,316
Male,26,Ireland,29376
Male,26,Carlow County Council,330
Male,26,Dublin City Council,5732
Male,26,Dún Laoghaire Rathdown County Council,1537
Male,26,Fingal County Council,1841
Male,26,South Dublin County Council,1713
Male,26,Kildare County Council,1235
Male,26,Kilkenny County Council,472
Male,26,Laois County Council,459
Male,26,Longford County Council,250
Male,26,Louth County Council,676
Male,26,Meath County Council,1008
Male,26,Offaly County Council,409
Male,26,Westmeath County Council,527
Male,26,Wexford County Council,803
Male,26,Wicklow County Council,667
Male,26,Clare County Council,586
Male,26,Cork City Council,1757
Male,26,Cork County Council,1512
Male,26,Kerry County Council,711
Male,26,Limerick City & County Council,1264
Male,26,Tipperary County Council,768
Male,26,Waterford City & County Council,641
Male,26,Galway City Council,771
Male,26,Galway County Council,842
Male,26,Leitrim County Council,156
Male,26,Mayo  County Council,579
Male,26,Roscommon County Council,316
Male,26,Sligo County Council,316
Male,26,Cavan County Council,402
Male,26,Donegal County Council,772
Male,26,Monaghan County Council,324
Male,27,Ireland,29162
Male,27,Carlow County Council,349
Male,27,Dublin City Council,5965
Male,27,Dún Laoghaire Rathdown County Council,1471
Male,27,Fingal County Council,1809
Male,27,South Dublin County Council,1745
Male,27,Kildare County Council,1294
Male,27,Kilkenny County Council,470
Male,27,Laois County Council,482
Male,27,Longford County Council,230
Male,27,Louth County Council,697
Male,27,Meath County Council,992
Male,27,Offaly County Council,417
Male,27,Westmeath County Council,505
Male,27,Wexford County Council,743
Male,27,Wicklow County Council,682
Male,27,Clare County Council,593
Male,27,Cork City Council,1702
Male,27,Cork County Council,1526
Male,27,Kerry County Council,713
Male,27,Limerick City & County Council,1229
Male,27,Tipperary County Council,775
Male,27,Waterford City & County Council,639
Male,27,Galway City Council,730
Male,27,Galway County Council,672
Male,27,Leitrim County Council,137
Male,27,Mayo  County Council,556
Male,27,Roscommon County Council,275
Male,27,Sligo County Council,337
Male,27,Cavan County Council,380
Male,27,Donegal County Council,695
Male,27,Monaghan County Council,352
Male,28,Ireland,28902
Male,28,Carlow County Council,304
Male,28,Dublin City Council,5931
Male,28,Dún Laoghaire Rathdown County Council,1412
Male,28,Fingal County Council,1772
Male,28,South Dublin County Council,1741
Male,28,Kildare County Council,1226
Male,28,Kilkenny County Council,480
Male,28,Laois County Council,441
Male,28,Longford County Council,224
Male,28,Louth County Council,739
Male,28,Meath County Council,1021
Male,28,Offaly County Council,404
Male,28,Westmeath County Council,471
Male,28,Wexford County Council,740
Male,28,Wicklow County Council,707
Male,28,Clare County Council,580
Male,28,Cork City Council,1712
Male,28,Cork County Council,1514
Male,28,Kerry County Council,666
Male,28,Limerick City & County Council,1153
Male,28,Tipperary County Council,809
Male,28,Waterford City & County Council,607
Male,28,Galway City Council,704
Male,28,Galway County Council,784
Male,28,Leitrim County Council,143
Male,28,Mayo  County Council,598
Male,28,Roscommon County Council,297
Male,28,Sligo County Council,310
Male,28,Cavan County Council,389
Male,28,Donegal County Council,714
Male,28,Monaghan County Council,309
Male,29,Ireland,29989
Male,29,Carlow County Council,353
Male,29,Dublin City Council,6102
Male,29,Dún Laoghaire Rathdown County Council,1431
Male,29,Fingal County Council,1824
Male,29,South Dublin County Council,1786
Male,29,Kildare County Council,1329
Male,29,Kilkenny County Council,530
Male,29,Laois County Council,448
Male,29,Longford County Council,205
Male,29,Louth County Council,708
Male,29,Meath County Council,1091
Male,29,Offaly County Council,411
Male,29,Westmeath County Council,555
Male,29,Wexford County Council,760
Male,29,Wicklow County Council,696
Male,29,Clare County Council,605
Male,29,Cork City Council,1717
Male,29,Cork County Council,1603
Male,29,Kerry County Council,706
Male,29,Limerick City & County Council,1230
Male,29,Tipperary County Council,823
Male,29,Waterford City & County Council,622
Male,29,Galway City Council,737
Male,29,Galway County Council,847
Male,29,Leitrim County Council,156
Male,29,Mayo  County Council,599
Male,29,Roscommon County Council,314
Male,29,Sligo County Council,327
Male,29,Cavan County Council,390
Male,29,Donegal County Council,754
Male,29,Monaghan County Council,330
Male,30,Ireland,30858
Male,30,Carlow County Council,367
Male,30,Dublin City Council,6163
Male,30,Dún Laoghaire Rathdown County Council,1511
Male,30,Fingal County Council,1888
Male,30,South Dublin County Council,1819
Male,30,Kildare County Council,1372
Male,30,Kilkenny County Council,513
Male,30,Laois County Council,470
Male,30,Longford County Council,263
Male,30,Louth County Council,769
Male,30,Meath County Council,1097
Male,30,Offaly County Council,447
Male,30,Westmeath County Council,523
Male,30,Wexford County Council,877
Male,30,Wicklow County Council,688
Male,30,Clare County Council,582
Male,30,Cork City Council,1703
Male,30,Cork County Council,1672
Male,30,Kerry County Council,792
Male,30,Limerick City & County Council,1250
Male,30,Tipperary County Council,827
Male,30,Waterford City & County Council,719
Male,30,Galway City Council,677
Male,30,Galway County Council,813
Male,30,Leitrim County Council,164
Male,30,Mayo  County Council,657
Male,30,Roscommon County Council,315
Male,30,Sligo County Council,334
Male,30,Cavan County Council,416
Male,30,Donegal County Council,788
Male,30,Monaghan County Council,382
Male,31,Ireland,32237
Male,31,Carlow County Council,349
Male,31,Dublin City Council,6287
Male,31,Dún Laoghaire Rathdown County Council,1510
Male,31,Fingal County Council,2061
Male,31,South Dublin County Council,1898
Male,31,Kildare County Council,1396
Male,31,Kilkenny County Council,599
Male,31,Laois County Council,509
Male,31,Longford County Council,232
Male,31,Louth County Council,796
Male,31,Meath County Council,1252
Male,31,Offaly County Council,443
Male,31,Westmeath County Council,602
Male,31,Wexford County Council,945
Male,31,Wicklow County Council,783
Male,31,Clare County Council,623
Male,31,Cork City Council,1767
Male,31,Cork County Council,1725
Male,31,Kerry County Council,772
Male,31,Limerick City & County Council,1205
Male,31,Tipperary County Council,867
Male,31,Waterford City & County Council,712
Male,31,Galway City Council,759
Male,31,Galway County Council,958
Male,31,Leitrim County Council,155
Male,31,Mayo  County Council,719
Male,31,Roscommon County Council,343
Male,31,Sligo County Council,334
Male,31,Cavan County Council,450
Male,31,Donegal County Council,831
Male,31,Monaghan County Council,355
Male,32,Ireland,32413
Male,32,Carlow County Council,362
Male,32,Dublin City Council,6080
Male,32,Dún Laoghaire Rathdown County Council,1516
Male,32,Fingal County Council,2088
Male,32,South Dublin County Council,1887
Male,32,Kildare County Council,1462
Male,32,Kilkenny County Council,578
Male,32,Laois County Council,559
Male,32,Longford County Council,267
Male,32,Louth County Council,782
Male,32,Meath County Council,1254
Male,32,Offaly County Council,447
Male,32,Westmeath County Council,562
Male,32,Wexford County Council,906
Male,32,Wicklow County Council,827
Male,32,Clare County Council,642
Male,32,Cork City Council,1727
Male,32,Cork County Council,1791
Male,32,Kerry County Council,854
Male,32,Limerick City & County Council,1316
Male,32,Tipperary County Council,867
Male,32,Waterford City & County Council,771
Male,32,Galway City Council,655
Male,32,Galway County Council,907
Male,32,Leitrim County Council,163
Male,32,Mayo  County Council,667
Male,32,Roscommon County Council,381
Male,32,Sligo County Council,361
Male,32,Cavan County Council,466
Male,32,Donegal County Council,927
Male,32,Monaghan County Council,341
Male,33,Ireland,31888
Male,33,Carlow County Council,366
Male,33,Dublin City Council,5734
Male,33,Dún Laoghaire Rathdown County Council,1442
Male,33,Fingal County Council,2157
Male,33,South Dublin County Council,1895
Male,33,Kildare County Council,1522
Male,33,Kilkenny County Council,563
Male,33,Laois County Council,538
Male,33,Longford County Council,261
Male,33,Louth County Council,814
Male,33,Meath County Council,1253
Male,33,Offaly County Council,444
Male,33,Westmeath County Council,582
Male,33,Wexford County Council,821
Male,33,Wicklow County Council,837
Male,33,Clare County Council,643
Male,33,Cork City Council,1633
Male,33,Cork County Council,1910
Male,33,Kerry County Council,755
Male,33,Limerick City & County Council,1310
Male,33,Tipperary County Council,884
Male,33,Waterford City & County Council,686
Male,33,Galway City Council,594
Male,33,Galway County Council,996
Male,33,Leitrim County Council,173
Male,33,Mayo  County Council,761
Male,33,Roscommon County Council,359
Male,33,Sligo County Council,321
Male,33,Cavan County Council,466
Male,33,Donegal County Council,868
Male,33,Monaghan County Council,300
Male,34,Ireland,33121
Male,34,Carlow County Council,360
Male,34,Dublin City Council,5503
Male,34,Dún Laoghaire Rathdown County Council,1488
Male,34,Fingal County Council,2188
Male,34,South Dublin County Council,2040
Male,34,Kildare County Council,1563
Male,34,Kilkenny County Council,594
Male,34,Laois County Council,548
Male,34,Longford County Council,291
Male,34,Louth County Council,890
Male,34,Meath County Council,1350
Male,34,Offaly County Council,503
Male,34,Westmeath County Council,575
Male,34,Wexford County Council,961
Male,34,Wicklow County Council,865
Male,34,Clare County Council,714
Male,34,Cork City Council,1636
Male,34,Cork County Council,2038
Male,34,Kerry County Council,817
Male,34,Limerick City & County Council,1314
Male,34,Tipperary County Council,939
Male,34,Waterford City & County Council,711
Male,34,Galway City Council,611
Male,34,Galway County Council,1056
Male,34,Leitrim County Council,192
Male,34,Mayo  County Council,778
Male,34,Roscommon County Council,383
Male,34,Sligo County Council,370
Male,34,Cavan County Council,475
Male,34,Donegal County Council,946
Male,34,Monaghan County Council,422
Male,35,Ireland,34695
Male,35,Carlow County Council,387
Male,35,Dublin City Council,5488
Male,35,Dún Laoghaire Rathdown County Council,1506
Male,35,Fingal County Council,2321
Male,35,South Dublin County Council,2054
Male,35,Kildare County Council,1722
Male,35,Kilkenny County Council,634
Male,35,Laois County Council,655
Male,35,Longford County Council,296
Male,35,Louth County Council,868
Male,35,Meath County Council,1504
Male,35,Offaly County Council,546
Male,35,Westmeath County Council,666
Male,35,Wexford County Council,986
Male,35,Wicklow County Council,923
Male,35,Clare County Council,729
Male,35,Cork City Council,1687
Male,35,Cork County Council,2181
Male,35,Kerry County Council,860
Male,35,Limerick City & County Council,1404
Male,35,Tipperary County Council,982
Male,35,Waterford City & County Council,807
Male,35,Galway City Council,610
Male,35,Galway County Council,1139
Male,35,Leitrim County Council,216
Male,35,Mayo  County Council,821
Male,35,Roscommon County Council,420
Male,35,Sligo County Council,399
Male,35,Cavan County Council,519
Male,35,Donegal County Council,959
Male,35,Monaghan County Council,406
Male,36,Ireland,35828
Male,36,Carlow County Council,397
Male,36,Dublin City Council,5401
Male,36,Dún Laoghaire Rathdown County Council,1511
Male,36,Fingal County Council,2484
Male,36,South Dublin County Council,2304
Male,36,Kildare County Council,1733
Male,36,Kilkenny County Council,625
Male,36,Laois County Council,667
Male,36,Longford County Council,331
Male,36,Louth County Council,946
Male,36,Meath County Council,1526
Male,36,Offaly County Council,521
Male,36,Westmeath County Council,722
Male,36,Wexford County Council,1009
Male,36,Wicklow County Council,949
Male,36,Clare County Council,765
Male,36,Cork City Council,1701
Male,36,Cork County Council,2198
Male,36,Kerry County Council,992
Male,36,Limerick City & County Council,1419
Male,36,Tipperary County Council,1011
Male,36,Waterford City & County Council,832
Male,36,Galway City Council,625
Male,36,Galway County Council,1193
Male,36,Leitrim County Council,211
Male,36,Mayo  County Council,871
Male,36,Roscommon County Council,465
Male,36,Sligo County Council,444
Male,36,Cavan County Council,549
Male,36,Donegal County Council,1005
Male,36,Monaghan County Council,421
Male,37,Ireland,36427
Male,37,Carlow County Council,451
Male,37,Dublin City Council,5208
Male,37,Dún Laoghaire Rathdown County Council,1543
Male,37,Fingal County Council,2528
Male,37,South Dublin County Council,2327
Male,37,Kildare County Council,1837
Male,37,Kilkenny County Council,657
Male,37,Laois County Council,704
Male,37,Longford County Council,275
Male,37,Louth County Council,878
Male,37,Meath County Council,1601
Male,37,Offaly County Council,563
Male,37,Westmeath County Council,719
Male,37,Wexford County Council,1002
Male,37,Wicklow County Council,1076
Male,37,Clare County Council,788
Male,37,Cork City Council,1759
Male,37,Cork County Council,2355
Male,37,Kerry County Council,948
Male,37,Limerick City & County Council,1468
Male,37,Tipperary County Council,1019
Male,37,Waterford City & County Council,823
Male,37,Galway City Council,650
Male,37,Galway County Council,1243
Male,37,Leitrim County Council,211
Male,37,Mayo  County Council,899
Male,37,Roscommon County Council,431
Male,37,Sligo County Council,423
Male,37,Cavan County Council,578
Male,37,Donegal County Council,991
Male,37,Monaghan County Council,472
Male,38,Ireland,37513
Male,38,Carlow County Council,465
Male,38,Dublin City Council,5083
Male,38,Dún Laoghaire Rathdown County Council,1644
Male,38,Fingal County Council,2682
Male,38,South Dublin County Council,2418
Male,38,Kildare County Council,1889
Male,38,Kilkenny County Council,683
Male,38,Laois County Council,718
Male,38,Longford County Council,333
Male,38,Louth County Council,964
Male,38,Meath County Council,1605
Male,38,Offaly County Council,564
Male,38,Westmeath County Council,657
Male,38,Wexford County Council,1067
Male,38,Wicklow County Council,1077
Male,38,Clare County Council,863
Male,38,Cork City Council,1728
Male,38,Cork County Council,2461
Male,38,Kerry County Council,1033
Male,38,Limerick City & County Council,1521
Male,38,Tipperary County Council,1124
Male,38,Waterford City & County Council,851
Male,38,Galway City Council,624
Male,38,Galway County Council,1266
Male,38,Leitrim County Council,231
Male,38,Mayo  County Council,892
Male,38,Roscommon County Council,492
Male,38,Sligo County Council,493
Male,38,Cavan County Council,583
Male,38,Donegal County Council,1036
Male,38,Monaghan County Council,466
Male,39,Ireland,38749
Male,39,Carlow County Council,453
Male,39,Dublin City Council,4959
Male,39,Dún Laoghaire Rathdown County Council,1667
Male,39,Fingal County Council,2780
Male,39,South Dublin County Council,2420
Male,39,Kildare County Council,2085
Male,39,Kilkenny County Council,756
Male,39,Laois County Council,762
Male,39,Longford County Council,337
Male,39,Louth County Council,1001
Male,39,Meath County Council,1752
Male,39,Offaly County Council,581
Male,39,Westmeath County Council,758
Male,39,Wexford County Council,1078
Male,39,Wicklow County Council,1137
Male,39,Clare County Council,829
Male,39,Cork City Council,1721
Male,39,Cork County Council,2631
Male,39,Kerry County Council,1022
Male,39,Limerick City & County Council,1540
Male,39,Tipperary County Council,1136
Male,39,Waterford City & County Council,851
Male,39,Galway City Council,644
Male,39,Galway County Council,1407
Male,39,Leitrim County Council,242
Male,39,Mayo  County Council,959
Male,39,Roscommon County Council,470
Male,39,Sligo County Council,509
Male,39,Cavan County Council,641
Male,39,Donegal County Council,1121
Male,39,Monaghan County Council,500
Male,40,Ireland,40301
Male,40,Carlow County Council,494
Male,40,Dublin City Council,4961
Male,40,Dún Laoghaire Rathdown County Council,1736
Male,40,Fingal County Council,2973
Male,40,South Dublin County Council,2575
Male,40,Kildare County Council,2090
Male,40,Kilkenny County Council,810
Male,40,Laois County Council,747
Male,40,Longford County Council,396
Male,40,Louth County Council,1119
Male,40,Meath County Council,1787
Male,40,Offaly County Council,691
Male,40,Westmeath County Council,723
Male,40,Wexford County Council,1172
Male,40,Wicklow County Council,1176
Male,40,Clare County Council,907
Male,40,Cork City Council,1750
Male,40,Cork County Council,2744
Male,40,Kerry County Council,1112
Male,40,Limerick City & County Council,1637
Male,40,Tipperary County Council,1226
Male,40,Waterford City & County Council,898
Male,40,Galway City Council,707
Male,40,Galway County Council,1443
Male,40,Leitrim County Council,245
Male,40,Mayo  County Council,943
Male,40,Roscommon County Council,489
Male,40,Sligo County Council,491
Male,40,Cavan County Council,633
Male,40,Donegal County Council,1149
Male,40,Monaghan County Council,477
Male,41,Ireland,41401
Male,41,Carlow County Council,487
Male,41,Dublin City Council,4913
Male,41,Dún Laoghaire Rathdown County Council,1795
Male,41,Fingal County Council,3043
Male,41,South Dublin County Council,2610
Male,41,Kildare County Council,2183
Male,41,Kilkenny County Council,787
Male,41,Laois County Council,799
Male,41,Longford County Council,410
Male,41,Louth County Council,1100
Male,41,Meath County Council,1850
Male,41,Offaly County Council,628
Male,41,Westmeath County Council,759
Male,41,Wexford County Council,1293
Male,41,Wicklow County Council,1250
Male,41,Clare County Council,926
Male,41,Cork City Council,1727
Male,41,Cork County Council,2933
Male,41,Kerry County Council,1141
Male,41,Limerick City & County Council,1646
Male,41,Tipperary County Council,1247
Male,41,Waterford City & County Council,960
Male,41,Galway City Council,699
Male,41,Galway County Council,1587
Male,41,Leitrim County Council,276
Male,41,Mayo  County Council,950
Male,41,Roscommon County Council,546
Male,41,Sligo County Council,509
Male,41,Cavan County Council,630
Male,41,Donegal County Council,1168
Male,41,Monaghan County Council,549
Male,42,Ireland,41644
Male,42,Carlow County Council,528
Male,42,Dublin City Council,4704
Male,42,Dún Laoghaire Rathdown County Council,1812
Male,42,Fingal County Council,3069
Male,42,South Dublin County Council,2626
Male,42,Kildare County Council,2192
Male,42,Kilkenny County Council,791
Male,42,Laois County Council,813
Male,42,Longford County Council,384
Male,42,Louth County Council,1133
Male,42,Meath County Council,1903
Male,42,Offaly County Council,625
Male,42,Westmeath County Council,778
Male,42,Wexford County Council,1302
Male,42,Wicklow County Council,1306
Male,42,Clare County Council,969
Male,42,Cork City Council,1747
Male,42,Cork County Council,2906
Male,42,Kerry County Council,1248
Male,42,Limerick City & County Council,1613
Male,42,Tipperary County Council,1254
Male,42,Waterford City & County Council,1022
Male,42,Galway City Council,692
Male,42,Galway County Council,1558
Male,42,Leitrim County Council,249
Male,42,Mayo  County Council,1007
Male,42,Roscommon County Council,538
Male,42,Sligo County Council,541
Male,42,Cavan County Council,624
Male,42,Donegal County Council,1224
Male,42,Monaghan County Council,486
Male,43,Ireland,39275
Male,43,Carlow County Council,487
Male,43,Dublin City Council,4458
Male,43,Dún Laoghaire Rathdown County Council,1665
Male,43,Fingal County Council,2948
Male,43,South Dublin County Council,2555
Male,43,Kildare County Council,2080
Male,43,Kilkenny County Council,799
Male,43,Laois County Council,727
Male,43,Longford County Council,384
Male,43,Louth County Council,971
Male,43,Meath County Council,1773
Male,43,Offaly County Council,572
Male,43,Westmeath County Council,673
Male,43,Wexford County Council,1119
Male,43,Wicklow County Council,1222
Male,43,Clare County Council,892
Male,43,Cork City Council,1638
Male,43,Cork County Council,2853
Male,43,Kerry County Council,1145
Male,43,Limerick City & County Council,1543
Male,43,Tipperary County Council,1235
Male,43,Waterford City & County Council,1008
Male,43,Galway City Council,645
Male,43,Galway County Council,1469
Male,43,Leitrim County Council,246
Male,43,Mayo  County Council,919
Male,43,Roscommon County Council,472
Male,43,Sligo County Council,482
Male,43,Cavan County Council,632
Male,43,Donegal County Council,1186
Male,43,Monaghan County Council,477
Male,44,Ireland,37940
Male,44,Carlow County Council,448
Male,44,Dublin City Council,4210
Male,44,Dún Laoghaire Rathdown County Council,1566
Male,44,Fingal County Council,2707
Male,44,South Dublin County Council,2330
Male,44,Kildare County Council,1971
Male,44,Kilkenny County Council,800
Male,44,Laois County Council,712
Male,44,Longford County Council,334
Male,44,Louth County Council,1002
Male,44,Meath County Council,1748
Male,44,Offaly County Council,617
Male,44,Westmeath County Council,679
Male,44,Wexford County Council,1114
Male,44,Wicklow County Council,1224
Male,44,Clare County Council,884
Male,44,Cork City Council,1535
Male,44,Cork County Council,2778
Male,44,Kerry County Council,1179
Male,44,Limerick City & County Council,1503
Male,44,Tipperary County Council,1172
Male,44,Waterford City & County Council,930
Male,44,Galway City Council,613
Male,44,Galway County Council,1449
Male,44,Leitrim County Council,264
Male,44,Mayo  County Council,955
Male,44,Roscommon County Council,478
Male,44,Sligo County Council,506
Male,44,Cavan County Council,586
Male,44,Donegal County Council,1181
Male,44,Monaghan County Council,465
Male,45,Ireland,37710
Male,45,Carlow County Council,447
Male,45,Dublin City Council,4016
Male,45,Dún Laoghaire Rathdown County Council,1443
Male,45,Fingal County Council,2788
Male,45,South Dublin County Council,2222
Male,45,Kildare County Council,1959
Male,45,Kilkenny County Council,770
Male,45,Laois County Council,721
Male,45,Longford County Council,365
Male,45,Louth County Council,968
Male,45,Meath County Council,1719
Male,45,Offaly County Council,623
Male,45,Westmeath County Council,701
Male,45,Wexford County Council,1166
Male,45,Wicklow County Council,1194
Male,45,Clare County Council,936
Male,45,Cork City Council,1495
Male,45,Cork County Council,2866
Male,45,Kerry County Council,1147
Male,45,Limerick City & County Council,1566
Male,45,Tipperary County Council,1237
Male,45,Waterford City & County Council,921
Male,45,Galway City Council,584
Male,45,Galway County Council,1462
Male,45,Leitrim County Council,267
Male,45,Mayo  County Council,931
Male,45,Roscommon County Council,481
Male,45,Sligo County Council,492
Male,45,Cavan County Council,538
Male,45,Donegal County Council,1193
Male,45,Monaghan County Council,492
Male,46,Ireland,37289
Male,46,Carlow County Council,463
Male,46,Dublin City Council,3858
Male,46,Dún Laoghaire Rathdown County Council,1546
Male,46,Fingal County Council,2681
Male,46,South Dublin County Council,2145
Male,46,Kildare County Council,1957
Male,46,Kilkenny County Council,807
Male,46,Laois County Council,665
Male,46,Longford County Council,333
Male,46,Louth County Council,1055
Male,46,Meath County Council,1770
Male,46,Offaly County Council,638
Male,46,Westmeath County Council,644
Male,46,Wexford County Council,1137
Male,46,Wicklow County Council,1171
Male,46,Clare County Council,902
Male,46,Cork City Council,1520
Male,46,Cork County Council,2783
Male,46,Kerry County Council,1089
Male,46,Limerick City & County Council,1541
Male,46,Tipperary County Council,1194
Male,46,Waterford City & County Council,878
Male,46,Galway City Council,577
Male,46,Galway County Council,1464
Male,46,Leitrim County Council,244
Male,46,Mayo  County Council,974
Male,46,Roscommon County Council,481
Male,46,Sligo County Council,469
Male,46,Cavan County Council,587
Male,46,Donegal County Council,1239
Male,46,Monaghan County Council,477
Male,47,Ireland,37053
Male,47,Carlow County Council,453
Male,47,Dublin City Council,3801
Male,47,Dún Laoghaire Rathdown County Council,1510
Male,47,Fingal County Council,2715
Male,47,South Dublin County Council,2105
Male,47,Kildare County Council,1933
Male,47,Kilkenny County Council,738
Male,47,Laois County Council,684
Male,47,Longford County Council,355
Male,47,Louth County Council,986
Male,47,Meath County Council,1778
Male,47,Offaly County Council,622
Male,47,Westmeath County Council,712
Male,47,Wexford County Council,1126
Male,47,Wicklow County Council,1208
Male,47,Clare County Council,882
Male,47,Cork City Council,1501
Male,47,Cork County Council,2801
Male,47,Kerry County Council,1151
Male,47,Limerick City & County Council,1505
Male,47,Tipperary County Council,1258
Male,47,Waterford City & County Council,886
Male,47,Galway City Council,569
Male,47,Galway County Council,1412
Male,47,Leitrim County Council,244
Male,47,Mayo  County Council,919
Male,47,Roscommon County Council,529
Male,47,Sligo County Council,508
Male,47,Cavan County Council,588
Male,47,Donegal County Council,1119
Male,47,Monaghan County Council,455
Male,48,Ireland,36472
Male,48,Carlow County Council,411
Male,48,Dublin City Council,3741
Male,48,Dún Laoghaire Rathdown County Council,1561
Male,48,Fingal County Council,2614
Male,48,South Dublin County Council,2084
Male,48,Kildare County Council,1930
Male,48,Kilkenny County Council,796
Male,48,Laois County Council,665
Male,48,Longford County Council,307
Male,48,Louth County Council,1010
Male,48,Meath County Council,1692
Male,48,Offaly County Council,596
Male,48,Westmeath County Council,656
Male,48,Wexford County Council,1159
Male,48,Wicklow County Council,1190
Male,48,Clare County Council,958
Male,48,Cork City Council,1394
Male,48,Cork County Council,2820
Male,48,Kerry County Council,1138
Male,48,Limerick City & County Council,1450
Male,48,Tipperary County Council,1167
Male,48,Waterford City & County Council,885
Male,48,Galway City Council,483
Male,48,Galway County Council,1464
Male,48,Leitrim County Council,243
Male,48,Mayo  County Council,905
Male,48,Roscommon County Council,508
Male,48,Sligo County Council,466
Male,48,Cavan County Council,562
Male,48,Donegal County Council,1151
Male,48,Monaghan County Council,466
Male,49,Ireland,36650
Male,49,Carlow County Council,453
Male,49,Dublin City Council,3701
Male,49,Dún Laoghaire Rathdown County Council,1555
Male,49,Fingal County Council,2562
Male,49,South Dublin County Council,2070
Male,49,Kildare County Council,1921
Male,49,Kilkenny County Council,816
Male,49,Laois County Council,661
Male,49,Longford County Council,366
Male,49,Louth County Council,1025
Male,49,Meath County Council,1751
Male,49,Offaly County Council,611
Male,49,Westmeath County Council,684
Male,49,Wexford County Council,1184
Male,49,Wicklow County Council,1196
Male,49,Clare County Council,941
Male,49,Cork City Council,1466
Male,49,Cork County Council,2691
Male,49,Kerry County Council,1100
Male,49,Limerick City & County Council,1474
Male,49,Tipperary County Council,1242
Male,49,Waterford City & County Council,909
Male,49,Galway City Council,489
Male,49,Galway County Council,1463
Male,49,Leitrim County Council,238
Male,49,Mayo  County Council,918
Male,49,Roscommon County Council,502
Male,49,Sligo County Council,448
Male,49,Cavan County Council,555
Male,49,Donegal County Council,1187
Male,49,Monaghan County Council,471
Male,50,Ireland,36050
Male,50,Carlow County Council,443
Male,50,Dublin City Council,3753
Male,50,Dún Laoghaire Rathdown County Council,1494
Male,50,Fingal County Council,2434
Male,50,South Dublin County Council,1926
Male,50,Kildare County Council,1911
Male,50,Kilkenny County Council,726
Male,50,Laois County Council,692
Male,50,Longford County Council,309
Male,50,Louth County Council,1050
Male,50,Meath County Council,1700
Male,50,Offaly County Council,594
Male,50,Westmeath County Council,673
Male,50,Wexford County Council,1193
Male,50,Wicklow County Council,1156
Male,50,Clare County Council,946
Male,50,Cork City Council,1424
Male,50,Cork County Council,2708
Male,50,Kerry County Council,1164
Male,50,Limerick City & County Council,1496
Male,50,Tipperary County Council,1131
Male,50,Waterford City & County Council,869
Male,50,Galway City Council,469
Male,50,Galway County Council,1392
Male,50,Leitrim County Council,264
Male,50,Mayo  County Council,971
Male,50,Roscommon County Council,488
Male,50,Sligo County Council,424
Male,50,Cavan County Council,604
Male,50,Donegal County Council,1185
Male,50,Monaghan County Council,461
Male,51,Ireland,34926
Male,51,Carlow County Council,379
Male,51,Dublin City Council,3567
Male,51,Dún Laoghaire Rathdown County Council,1470
Male,51,Fingal County Council,2252
Male,51,South Dublin County Council,1894
Male,51,Kildare County Council,1821
Male,51,Kilkenny County Council,694
Male,51,Laois County Council,660
Male,51,Longford County Council,328
Male,51,Louth County Council,1025
Male,51,Meath County Council,1587
Male,51,Offaly County Council,537
Male,51,Westmeath County Council,654
Male,51,Wexford County Council,1182
Male,51,Wicklow County Council,1177
Male,51,Clare County Council,916
Male,51,Cork City Council,1372
Male,51,Cork County Council,2684
Male,51,Kerry County Council,1120
Male,51,Limerick City & County Council,1413
Male,51,Tipperary County Council,1174
Male,51,Waterford City & County Council,867
Male,51,Galway City Council,498
Male,51,Galway County Council,1406
Male,51,Leitrim County Council,225
Male,51,Mayo  County Council,955
Male,51,Roscommon County Council,495
Male,51,Sligo County Council,495
Male,51,Cavan County Council,537
Male,51,Donegal County Council,1129
Male,51,Monaghan County Council,413
Male,52,Ireland,34356
Male,52,Carlow County Council,420
Male,52,Dublin City Council,3453
Male,52,Dún Laoghaire Rathdown County Council,1409
Male,52,Fingal County Council,2153
Male,52,South Dublin County Council,1855
Male,52,Kildare County Council,1749
Male,52,Kilkenny County Council,742
Male,52,Laois County Council,656
Male,52,Longford County Council,319
Male,52,Louth County Council,974
Male,52,Meath County Council,1594
Male,52,Offaly County Council,555
Male,52,Westmeath County Council,652
Male,52,Wexford County Council,1179
Male,52,Wicklow County Council,1104
Male,52,Clare County Council,919
Male,52,Cork City Council,1340
Male,52,Cork County Council,2555
Male,52,Kerry County Council,1148
Male,52,Limerick City & County Council,1414
Male,52,Tipperary County Council,1148
Male,52,Waterford City & County Council,836
Male,52,Galway City Council,466
Male,52,Galway County Council,1360
Male,52,Leitrim County Council,247
Male,52,Mayo  County Council,925
Male,52,Roscommon County Council,513
Male,52,Sligo County Council,463
Male,52,Cavan County Council,557
Male,52,Donegal County Council,1195
Male,52,Monaghan County Council,456
Male,53,Ireland,32611
Male,53,Carlow County Council,400
Male,53,Dublin City Council,3331
Male,53,Dún Laoghaire Rathdown County Council,1332
Male,53,Fingal County Council,2013
Male,53,South Dublin County Council,1733
Male,53,Kildare County Council,1611
Male,53,Kilkenny County Council,700
Male,53,Laois County Council,618
Male,53,Longford County Council,296
Male,53,Louth County Council,958
Male,53,Meath County Council,1464
Male,53,Offaly County Council,546
Male,53,Westmeath County Council,645
Male,53,Wexford County Council,1099
Male,53,Wicklow County Council,989
Male,53,Clare County Council,873
Male,53,Cork City Council,1263
Male,53,Cork County Council,2452
Male,53,Kerry County Council,1099
Male,53,Limerick City & County Council,1285
Male,53,Tipperary County Council,1136
Male,53,Waterford City & County Council,881
Male,53,Galway City Council,424
Male,53,Galway County Council,1308
Male,53,Leitrim County Council,243
Male,53,Mayo  County Council,880
Male,53,Roscommon County Council,468
Male,53,Sligo County Council,438
Male,53,Cavan County Council,553
Male,53,Donegal County Council,1141
Male,53,Monaghan County Council,432
Male,54,Ireland,32050
Male,54,Carlow County Council,423
Male,54,Dublin City Council,3389
Male,54,Dún Laoghaire Rathdown County Council,1291
Male,54,Fingal County Council,1882
Male,54,South Dublin County Council,1649
Male,54,Kildare County Council,1580
Male,54,Kilkenny County Council,659
Male,54,Laois County Council,600
Male,54,Longford County Council,315
Male,54,Louth County Council,911
Male,54,Meath County Council,1447
Male,54,Offaly County Council,579
Male,54,Westmeath County Council,605
Male,54,Wexford County Council,1058
Male,54,Wicklow County Council,973
Male,54,Clare County Council,850
Male,54,Cork City Council,1305
Male,54,Cork County Council,2325
Male,54,Kerry County Council,1052
Male,54,Limerick City & County Council,1307
Male,54,Tipperary County Council,1124
Male,54,Waterford City & County Council,806
Male,54,Galway City Council,418
Male,54,Galway County Council,1321
Male,54,Leitrim County Council,244
Male,54,Mayo  County Council,919
Male,54,Roscommon County Council,445
Male,54,Sligo County Council,487
Male,54,Cavan County Council,538
Male,54,Donegal County Council,1144
Male,54,Monaghan County Council,404
Male,55,Ireland,31353
Male,55,Carlow County Council,412
Male,55,Dublin City Council,3075
Male,55,Dún Laoghaire Rathdown County Council,1334
Male,55,Fingal County Council,1805
Male,55,South Dublin County Council,1622
Male,55,Kildare County Council,1513
Male,55,Kilkenny County Council,698
Male,55,Laois County Council,605
Male,55,Longford County Council,275
Male,55,Louth County Council,854
Male,55,Meath County Council,1355
Male,55,Offaly County Council,494
Male,55,Westmeath County Council,591
Male,55,Wexford County Council,1081
Male,55,Wicklow County Council,961
Male,55,Clare County Council,867
Male,55,Cork City Council,1278
Male,55,Cork County Council,2455
Male,55,Kerry County Council,1007
Male,55,Limerick City & County Council,1298
Male,55,Tipperary County Council,1109
Male,55,Waterford City & County Council,872
Male,55,Galway City Council,408
Male,55,Galway County Council,1306
Male,55,Leitrim County Council,242
Male,55,Mayo  County Council,903
Male,55,Roscommon County Council,491
Male,55,Sligo County Council,451
Male,55,Cavan County Council,542
Male,55,Donegal County Council,1075
Male,55,Monaghan County Council,374
Male,56,Ireland,30684
Male,56,Carlow County Council,377
Male,56,Dublin City Council,3168
Male,56,Dún Laoghaire Rathdown County Council,1249
Male,56,Fingal County Council,1695
Male,56,South Dublin County Council,1483
Male,56,Kildare County Council,1504
Male,56,Kilkenny County Council,679
Male,56,Laois County Council,554
Male,56,Longford County Council,283
Male,56,Louth County Council,877
Male,56,Meath County Council,1352
Male,56,Offaly County Council,535
Male,56,Westmeath County Council,542
Male,56,Wexford County Council,1013
Male,56,Wicklow County Council,985
Male,56,Clare County Council,828
Male,56,Cork City Council,1286
Male,56,Cork County Council,2364
Male,56,Kerry County Council,1042
Male,56,Limerick City & County Council,1227
Male,56,Tipperary County Council,1130
Male,56,Waterford City & County Council,828
Male,56,Galway City Council,438
Male,56,Galway County Council,1238
Male,56,Leitrim County Council,224
Male,56,Mayo  County Council,888
Male,56,Roscommon County Council,461
Male,56,Sligo County Council,415
Male,56,Cavan County Council,550
Male,56,Donegal County Council,1062
Male,56,Monaghan County Council,407
Male,57,Ireland,30891
Male,57,Carlow County Council,355
Male,57,Dublin City Council,3166
Male,57,Dún Laoghaire Rathdown County Council,1295
Male,57,Fingal County Council,1672
Male,57,South Dublin County Council,1491
Male,57,Kildare County Council,1464
Male,57,Kilkenny County Council,666
Male,57,Laois County Council,522
Male,57,Longford County Council,307
Male,57,Louth County Council,845
Male,57,Meath County Council,1425
Male,57,Offaly County Council,532
Male,57,Westmeath County Council,585
Male,57,Wexford County Council,1080
Male,57,Wicklow County Council,1038
Male,57,Clare County Council,824
Male,57,Cork City Council,1282
Male,57,Cork County Council,2338
Male,57,Kerry County Council,1027
Male,57,Limerick City & County Council,1253
Male,57,Tipperary County Council,1157
Male,57,Waterford City & County Council,820
Male,57,Galway City Council,419
Male,57,Galway County Council,1262
Male,57,Leitrim County Council,245
Male,57,Mayo  County Council,946
Male,57,Roscommon County Council,455
Male,57,Sligo County Council,420
Male,57,Cavan County Council,515
Male,57,Donegal County Council,1095
Male,57,Monaghan County Council,390
Male,58,Ireland,29775
Male,58,Carlow County Council,356
Male,58,Dublin City Council,3113
Male,58,Dún Laoghaire Rathdown County Council,1278
Male,58,Fingal County Council,1600
Male,58,South Dublin County Council,1445
Male,58,Kildare County Council,1349
Male,58,Kilkenny County Council,626
Male,58,Laois County Council,529
Male,58,Longford County Council,277
Male,58,Louth County Council,834
Male,58,Meath County Council,1198
Male,58,Offaly County Council,544
Male,58,Westmeath County Council,567
Male,58,Wexford County Council,1042
Male,58,Wicklow County Council,905
Male,58,Clare County Council,841
Male,58,Cork City Council,1317
Male,58,Cork County Council,2230
Male,58,Kerry County Council,1040
Male,58,Limerick City & County Council,1203
Male,58,Tipperary County Council,1081
Male,58,Waterford City & County Council,809
Male,58,Galway City Council,356
Male,58,Galway County Council,1201
Male,58,Leitrim County Council,230
Male,58,Mayo  County Council,917
Male,58,Roscommon County Council,498
Male,58,Sligo County Council,464
Male,58,Cavan County Council,468
Male,58,Donegal County Council,1078
Male,58,Monaghan County Council,379
Male,59,Ireland,29196
Male,59,Carlow County Council,383
Male,59,Dublin City Council,3040
Male,59,Dún Laoghaire Rathdown County Council,1285
Male,59,Fingal County Council,1593
Male,59,South Dublin County Council,1470
Male,59,Kildare County Council,1261
Male,59,Kilkenny County Council,638
Male,59,Laois County Council,501
Male,59,Longford County Council,263
Male,59,Louth County Council,774
Male,59,Meath County Council,1207
Male,59,Offaly County Council,489
Male,59,Westmeath County Council,593
Male,59,Wexford County Council,985
Male,59,Wicklow County Council,952
Male,59,Clare County Council,797
Male,59,Cork City Council,1285
Male,59,Cork County Council,2166
Male,59,Kerry County Council,1031
Male,59,Limerick City & County Council,1176
Male,59,Tipperary County Council,1124
Male,59,Waterford City & County Council,837
Male,59,Galway City Council,351
Male,59,Galway County Council,1133
Male,59,Leitrim County Council,212
Male,59,Mayo  County Council,905
Male,59,Roscommon County Council,444
Male,59,Sligo County Council,451
Male,59,Cavan County Council,515
Male,59,Donegal County Council,962
Male,59,Monaghan County Council,373
Male,60,Ireland,28455
Male,60,Carlow County Council,356
Male,60,Dublin City Council,2961
Male,60,Dún Laoghaire Rathdown County Council,1254
Male,60,Fingal County Council,1502
Male,60,South Dublin County Council,1435
Male,60,Kildare County Council,1276
Male,60,Kilkenny County Council,594
Male,60,Laois County Council,506
Male,60,Longford County Council,269
Male,60,Louth County Council,772
Male,60,Meath County Council,1111
Male,60,Offaly County Council,463
Male,60,Westmeath County Council,565
Male,60,Wexford County Council,1015
Male,60,Wicklow County Council,985
Male,60,Clare County Council,783
Male,60,Cork City Council,1277
Male,60,Cork County Council,2108
Male,60,Kerry County Council,1001
Male,60,Limerick City & County Council,1184
Male,60,Tipperary County Council,998
Male,60,Waterford City & County Council,769
Male,60,Galway City Council,376
Male,60,Galway County Council,1161
Male,60,Leitrim County Council,213
Male,60,Mayo  County Council,845
Male,60,Roscommon County Council,432
Male,60,Sligo County Council,429
Male,60,Cavan County Council,478
Male,60,Donegal County Council,963
Male,60,Monaghan County Council,374
Male,61,Ireland,27849
Male,61,Carlow County Council,334
Male,61,Dublin City Council,2829
Male,61,Dún Laoghaire Rathdown County Council,1190
Male,61,Fingal County Council,1427
Male,61,South Dublin County Council,1438
Male,61,Kildare County Council,1237
Male,61,Kilkenny County Council,599
Male,61,Laois County Council,496
Male,61,Longford County Council,263
Male,61,Louth County Council,754
Male,61,Meath County Council,1128
Male,61,Offaly County Council,542
Male,61,Westmeath County Council,517
Male,61,Wexford County Council,979
Male,61,Wicklow County Council,861
Male,61,Clare County Council,756
Male,61,Cork City Council,1156
Male,61,Cork County Council,2084
Male,61,Kerry County Council,973
Male,61,Limerick City & County Council,1152
Male,61,Tipperary County Council,1097
Male,61,Waterford City & County Council,730
Male,61,Galway City Council,360
Male,61,Galway County Council,1142
Male,61,Leitrim County Council,222
Male,61,Mayo  County Council,876
Male,61,Roscommon County Council,473
Male,61,Sligo County Council,441
Male,61,Cavan County Council,464
Male,61,Donegal County Council,945
Male,61,Monaghan County Council,384
Male,62,Ireland,27116
Male,62,Carlow County Council,333
Male,62,Dublin City Council,2781
Male,62,Dún Laoghaire Rathdown County Council,1188
Male,62,Fingal County Council,1399
Male,62,South Dublin County Council,1310
Male,62,Kildare County Council,1126
Male,62,Kilkenny County Council,645
Male,62,Laois County Council,478
Male,62,Longford County Council,266
Male,62,Louth County Council,707
Male,62,Meath County Council,1025
Male,62,Offaly County Council,485
Male,62,Westmeath County Council,534
Male,62,Wexford County Council,962
Male,62,Wicklow County Council,836
Male,62,Clare County Council,754
Male,62,Cork City Council,1120
Male,62,Cork County Council,2048
Male,62,Kerry County Council,1036
Male,62,Limerick City & County Council,1115
Male,62,Tipperary County Council,958
Male,62,Waterford City & County Council,760
Male,62,Galway City Council,333
Male,62,Galway County Council,1122
Male,62,Leitrim County Council,225
Male,62,Mayo  County Council,902
Male,62,Roscommon County Council,409
Male,62,Sligo County Council,436
Male,62,Cavan County Council,473
Male,62,Donegal County Council,944
Male,62,Monaghan County Council,406
Male,63,Ireland,25884
Male,63,Carlow County Council,326
Male,63,Dublin City Council,2626
Male,63,Dún Laoghaire Rathdown County Council,1109
Male,63,Fingal County Council,1302
Male,63,South Dublin County Council,1309
Male,63,Kildare County Council,1115
Male,63,Kilkenny County Council,574
Male,63,Laois County Council,482
Male,63,Longford County Council,226
Male,63,Louth County Council,659
Male,63,Meath County Council,979
Male,63,Offaly County Council,432
Male,63,Westmeath County Council,498
Male,63,Wexford County Council,929
Male,63,Wicklow County Council,825
Male,63,Clare County Council,782
Male,63,Cork City Council,1092
Male,63,Cork County Council,1885
Male,63,Kerry County Council,983
Male,63,Limerick City & County Council,1149
Male,63,Tipperary County Council,939
Male,63,Waterford City & County Council,699
Male,63,Galway City Council,328
Male,63,Galway County Council,1031
Male,63,Leitrim County Council,228
Male,63,Mayo  County Council,890
Male,63,Roscommon County Council,436
Male,63,Sligo County Council,403
Male,63,Cavan County Council,420
Male,63,Donegal County Council,926
Male,63,Monaghan County Council,302
Male,64,Ireland,25127
Male,64,Carlow County Council,287
Male,64,Dublin City Council,2456
Male,64,Dún Laoghaire Rathdown County Council,1092
Male,64,Fingal County Council,1241
Male,64,South Dublin County Council,1277
Male,64,Kildare County Council,1031
Male,64,Kilkenny County Council,593
Male,64,Laois County Council,450
Male,64,Longford County Council,216
Male,64,Louth County Council,650
Male,64,Meath County Council,933
Male,64,Offaly County Council,406
Male,64,Westmeath County Council,483
Male,64,Wexford County Council,870
Male,64,Wicklow County Council,760
Male,64,Clare County Council,712
Male,64,Cork City Council,1069
Male,64,Cork County Council,1862
Male,64,Kerry County Council,943
Male,64,Limerick City & County Council,1132
Male,64,Tipperary County Council,997
Male,64,Waterford City & County Council,643
Male,64,Galway City Council,321
Male,64,Galway County Council,1096
Male,64,Leitrim County Council,206
Male,64,Mayo  County Council,874
Male,64,Roscommon County Council,430
Male,64,Sligo County Council,401
Male,64,Cavan County Council,430
Male,64,Donegal County Council,903
Male,64,Monaghan County Council,363
Male,65,Ireland,24900
Male,65,Carlow County Council,322
Male,65,Dublin City Council,2456
Male,65,Dún Laoghaire Rathdown County Council,1033
Male,65,Fingal County Council,1247
Male,65,South Dublin County Council,1197
Male,65,Kildare County Council,1073
Male,65,Kilkenny County Council,511
Male,65,Laois County Council,458
Male,65,Longford County Council,214
Male,65,Louth County Council,627
Male,65,Meath County Council,893
Male,65,Offaly County Council,470
Male,65,Westmeath County Council,502
Male,65,Wexford County Council,904
Male,65,Wicklow County Council,728
Male,65,Clare County Council,691
Male,65,Cork City Council,1061
Male,65,Cork County Council,1837
Male,65,Kerry County Council,975
Male,65,Limerick City & County Council,1051
Male,65,Tipperary County Council,960
Male,65,Waterford City & County Council,690
Male,65,Galway City Council,303
Male,65,Galway County Council,1055
Male,65,Leitrim County Council,216
Male,65,Mayo  County Council,853
Male,65,Roscommon County Council,423
Male,65,Sligo County Council,410
Male,65,Cavan County Council,457
Male,65,Donegal County Council,945
Male,65,Monaghan County Council,338
Male,66,Ireland,23759
Male,66,Carlow County Council,283
Male,66,Dublin City Council,2204
Male,66,Dún Laoghaire Rathdown County Council,1027
Male,66,Fingal County Council,1090
Male,66,South Dublin County Council,1204
Male,66,Kildare County Council,968
Male,66,Kilkenny County Council,564
Male,66,Laois County Council,404
Male,66,Longford County Council,217
Male,66,Louth County Council,658
Male,66,Meath County Council,914
Male,66,Offaly County Council,413
Male,66,Westmeath County Council,473
Male,66,Wexford County Council,817
Male,66,Wicklow County Council,740
Male,66,Clare County Council,647
Male,66,Cork City Council,915
Male,66,Cork County Council,1798
Male,66,Kerry County Council,936
Male,66,Limerick City & County Council,1093
Male,66,Tipperary County Council,948
Male,66,Waterford City & County Council,619
Male,66,Galway City Council,288
Male,66,Galway County Council,1034
Male,66,Leitrim County Council,229
Male,66,Mayo  County Council,866
Male,66,Roscommon County Council,412
Male,66,Sligo County Council,363
Male,66,Cavan County Council,383
Male,66,Donegal County Council,894
Male,66,Monaghan County Council,358
Male,67,Ireland,23627
Male,67,Carlow County Council,271
Male,67,Dublin City Council,2194
Male,67,Dún Laoghaire Rathdown County Council,974
Male,67,Fingal County Council,1075
Male,67,South Dublin County Council,1228
Male,67,Kildare County Council,1028
Male,67,Kilkenny County Council,546
Male,67,Laois County Council,401
Male,67,Longford County Council,229
Male,67,Louth County Council,630
Male,67,Meath County Council,882
Male,67,Offaly County Council,406
Male,67,Westmeath County Council,457
Male,67,Wexford County Council,894
Male,67,Wicklow County Council,710
Male,67,Clare County Council,672
Male,67,Cork City Council,976
Male,67,Cork County Council,1683
Male,67,Kerry County Council,945
Male,67,Limerick City & County Council,998
Male,67,Tipperary County Council,908
Male,67,Waterford City & County Council,692
Male,67,Galway City Council,313
Male,67,Galway County Council,1019
Male,67,Leitrim County Council,194
Male,67,Mayo  County Council,844
Male,67,Roscommon County Council,419
Male,67,Sligo County Council,390
Male,67,Cavan County Council,419
Male,67,Donegal County Council,905
Male,67,Monaghan County Council,325
Male,68,Ireland,22502
Male,68,Carlow County Council,291
Male,68,Dublin City Council,2065
Male,68,Dún Laoghaire Rathdown County Council,970
Male,68,Fingal County Council,1077
Male,68,South Dublin County Council,1145
Male,68,Kildare County Council,909
Male,68,Kilkenny County Council,550
Male,68,Laois County Council,368
Male,68,Longford County Council,243
Male,68,Louth County Council,591
Male,68,Meath County Council,861
Male,68,Offaly County Council,337
Male,68,Westmeath County Council,421
Male,68,Wexford County Council,785
Male,68,Wicklow County Council,693
Male,68,Clare County Council,637
Male,68,Cork City Council,886
Male,68,Cork County Council,1727
Male,68,Kerry County Council,857
Male,68,Limerick City & County Council,998
Male,68,Tipperary County Council,915
Male,68,Waterford City & County Council,618
Male,68,Galway City Council,287
Male,68,Galway County Council,926
Male,68,Leitrim County Council,213
Male,68,Mayo  County Council,803
Male,68,Roscommon County Council,401
Male,68,Sligo County Council,358
Male,68,Cavan County Council,381
Male,68,Donegal County Council,867
Male,68,Monaghan County Council,322
Male,69,Ireland,22594
Male,69,Carlow County Council,276
Male,69,Dublin City Council,2147
Male,69,Dún Laoghaire Rathdown County Council,976
Male,69,Fingal County Council,1127
Male,69,South Dublin County Council,1154
Male,69,Kildare County Council,947
Male,69,Kilkenny County Council,490
Male,69,Laois County Council,382
Male,69,Longford County Council,212
Male,69,Louth County Council,536
Male,69,Meath County Council,788
Male,69,Offaly County Council,409
Male,69,Westmeath County Council,424
Male,69,Wexford County Council,818
Male,69,Wicklow County Council,653
Male,69,Clare County Council,673
Male,69,Cork City Council,888
Male,69,Cork County Council,1713
Male,69,Kerry County Council,834
Male,69,Limerick City & County Council,1043
Male,69,Tipperary County Council,875
Male,69,Waterford City & County Council,578
Male,69,Galway City Council,324
Male,69,Galway County Council,990
Male,69,Leitrim County Council,201
Male,69,Mayo  County Council,791
Male,69,Roscommon County Council,406
Male,69,Sligo County Council,371
Male,69,Cavan County Council,358
Male,69,Donegal County Council,889
Male,69,Monaghan County Council,321
Male,70,Ireland,21253
Male,70,Carlow County Council,277
Male,70,Dublin City Council,1930
Male,70,Dún Laoghaire Rathdown County Council,927
Male,70,Fingal County Council,1031
Male,70,South Dublin County Council,1148
Male,70,Kildare County Council,845
Male,70,Kilkenny County Council,471
Male,70,Laois County Council,371
Male,70,Longford County Council,244
Male,70,Louth County Council,545
Male,70,Meath County Council,726
Male,70,Offaly County Council,369
Male,70,Westmeath County Council,391
Male,70,Wexford County Council,788
Male,70,Wicklow County Council,634
Male,70,Clare County Council,604
Male,70,Cork City Council,890
Male,70,Cork County Council,1607
Male,70,Kerry County Council,881
Male,70,Limerick City & County Council,960
Male,70,Tipperary County Council,805
Male,70,Waterford City & County Council,572
Male,70,Galway City Council,262
Male,70,Galway County Council,863
Male,70,Leitrim County Council,191
Male,70,Mayo  County Council,727
Male,70,Roscommon County Council,395
Male,70,Sligo County Council,333
Male,70,Cavan County Council,348
Male,70,Donegal County Council,837
Male,70,Monaghan County Council,281
Male,71,Ireland,20449
Male,71,Carlow County Council,238
Male,71,Dublin City Council,1863
Male,71,Dún Laoghaire Rathdown County Council,861
Male,71,Fingal County Council,953
Male,71,South Dublin County Council,1112
Male,71,Kildare County Council,824
Male,71,Kilkenny County Council,410
Male,71,Laois County Council,353
Male,71,Longford County Council,199
Male,71,Louth County Council,488
Male,71,Meath County Council,767
Male,71,Offaly County Council,357
Male,71,Westmeath County Council,374
Male,71,Wexford County Council,767
Male,71,Wicklow County Council,631
Male,71,Clare County Council,596
Male,71,Cork City Council,813
Male,71,Cork County Council,1518
Male,71,Kerry County Council,838
Male,71,Limerick City & County Council,908
Male,71,Tipperary County Council,780
Male,71,Waterford City & County Council,547
Male,71,Galway City Council,248
Male,71,Galway County Council,855
Male,71,Leitrim County Council,200
Male,71,Mayo  County Council,805
Male,71,Roscommon County Council,355
Male,71,Sligo County Council,386
Male,71,Cavan County Council,340
Male,71,Donegal County Council,772
Male,71,Monaghan County Council,291
Male,72,Ireland,19965
Male,72,Carlow County Council,248
Male,72,Dublin City Council,1821
Male,72,Dún Laoghaire Rathdown County Council,803
Male,72,Fingal County Council,959
Male,72,South Dublin County Council,1107
Male,72,Kildare County Council,785
Male,72,Kilkenny County Council,471
Male,72,Laois County Council,315
Male,72,Longford County Council,202
Male,72,Louth County Council,523
Male,72,Meath County Council,743
Male,72,Offaly County Council,321
Male,72,Westmeath County Council,367
Male,72,Wexford County Council,747
Male,72,Wicklow County Council,595
Male,72,Clare County Council,605
Male,72,Cork City Council,844
Male,72,Cork County Council,1482
Male,72,Kerry County Council,782
Male,72,Limerick City & County Council,886
Male,72,Tipperary County Council,789
Male,72,Waterford City & County Council,505
Male,72,Galway City Council,224
Male,72,Galway County Council,852
Male,72,Leitrim County Council,191
Male,72,Mayo  County Council,745
Male,72,Roscommon County Council,291
Male,72,Sligo County Council,345
Male,72,Cavan County Council,363
Male,72,Donegal County Council,763
Male,72,Monaghan County Council,291
Male,73,Ireland,19121
Male,73,Carlow County Council,233
Male,73,Dublin City Council,1731
Male,73,Dún Laoghaire Rathdown County Council,826
Male,73,Fingal County Council,888
Male,73,South Dublin County Council,994
Male,73,Kildare County Council,773
Male,73,Kilkenny County Council,421
Male,73,Laois County Council,277
Male,73,Longford County Council,193
Male,73,Louth County Council,462
Male,73,Meath County Council,707
Male,73,Offaly County Council,328
Male,73,Westmeath County Council,387
Male,73,Wexford County Council,656
Male,73,Wicklow County Council,642
Male,73,Clare County Council,542
Male,73,Cork City Council,759
Male,73,Cork County Council,1432
Male,73,Kerry County Council,760
Male,73,Limerick City & County Council,893
Male,73,Tipperary County Council,724
Male,73,Waterford City & County Council,509
Male,73,Galway City Council,262
Male,73,Galway County Council,852
Male,73,Leitrim County Council,155
Male,73,Mayo  County Council,699
Male,73,Roscommon County Council,319
Male,73,Sligo County Council,345
Male,73,Cavan County Council,322
Male,73,Donegal County Council,755
Male,73,Monaghan County Council,275
Male,74,Ireland,18493
Male,74,Carlow County Council,246
Male,74,Dublin City Council,1710
Male,74,Dún Laoghaire Rathdown County Council,825
Male,74,Fingal County Council,854
Male,74,South Dublin County Council,965
Male,74,Kildare County Council,728
Male,74,Kilkenny County Council,477
Male,74,Laois County Council,289
Male,74,Longford County Council,192
Male,74,Louth County Council,468
Male,74,Meath County Council,647
Male,74,Offaly County Council,328
Male,74,Westmeath County Council,313
Male,74,Wexford County Council,654
Male,74,Wicklow County Council,551
Male,74,Clare County Council,540
Male,74,Cork City Council,713
Male,74,Cork County Council,1413
Male,74,Kerry County Council,758
Male,74,Limerick City & County Council,785
Male,74,Tipperary County Council,700
Male,74,Waterford City & County Council,500
Male,74,Galway City Council,223
Male,74,Galway County Council,819
Male,74,Leitrim County Council,141
Male,74,Mayo  County Council,723
Male,74,Roscommon County Council,318
Male,74,Sligo County Council,313
Male,74,Cavan County Council,308
Male,74,Donegal County Council,750
Male,74,Monaghan County Council,242
Male,75,Ireland,17473
Male,75,Carlow County Council,207
Male,75,Dublin City Council,1620
Male,75,Dún Laoghaire Rathdown County Council,793
Male,75,Fingal County Council,793
Male,75,South Dublin County Council,825
Male,75,Kildare County Council,735
Male,75,Kilkenny County Council,392
Male,75,Laois County Council,275
Male,75,Longford County Council,164
Male,75,Louth County Council,440
Male,75,Meath County Council,621
Male,75,Offaly County Council,289
Male,75,Westmeath County Council,290
Male,75,Wexford County Council,644
Male,75,Wicklow County Council,576
Male,75,Clare County Council,507
Male,75,Cork City Council,752
Male,75,Cork County Council,1317
Male,75,Kerry County Council,705
Male,75,Limerick City & County Council,738
Male,75,Tipperary County Council,626
Male,75,Waterford City & County Council,546
Male,75,Galway City Council,224
Male,75,Galway County Council,731
Male,75,Leitrim County Council,154
Male,75,Mayo  County Council,683
Male,75,Roscommon County Council,284
Male,75,Sligo County Council,270
Male,75,Cavan County Council,287
Male,75,Donegal County Council,732
Male,75,Monaghan County Council,253
Male,76,Ireland,16094
Male,76,Carlow County Council,201
Male,76,Dublin City Council,1476
Male,76,Dún Laoghaire Rathdown County Council,757
Male,76,Fingal County Council,781
Male,76,South Dublin County Council,828
Male,76,Kildare County Council,653
Male,76,Kilkenny County Council,315
Male,76,Laois County Council,251
Male,76,Longford County Council,172
Male,76,Louth County Council,415
Male,76,Meath County Council,553
Male,76,Offaly County Council,272
Male,76,Westmeath County Council,286
Male,76,Wexford County Council,563
Male,76,Wicklow County Council,495
Male,76,Clare County Council,478
Male,76,Cork City Council,697
Male,76,Cork County Council,1149
Male,76,Kerry County Council,686
Male,76,Limerick City & County Council,692
Male,76,Tipperary County Council,627
Male,76,Waterford City & County Council,427
Male,76,Galway City Council,228
Male,76,Galway County Council,677
Male,76,Leitrim County Council,140
Male,76,Mayo  County Council,577
Male,76,Roscommon County Council,297
Male,76,Sligo County Council,270
Male,76,Cavan County Council,254
Male,76,Donegal County Council,663
Male,76,Monaghan County Council,214
Male,77,Ireland,14601
Male,77,Carlow County Council,184
Male,77,Dublin City Council,1310
Male,77,Dún Laoghaire Rathdown County Council,716
Male,77,Fingal County Council,692
Male,77,South Dublin County Council,717
Male,77,Kildare County Council,580
Male,77,Kilkenny County Council,360
Male,77,Laois County Council,235
Male,77,Longford County Council,136
Male,77,Louth County Council,345
Male,77,Meath County Council,524
Male,77,Offaly County Council,248
Male,77,Westmeath County Council,290
Male,77,Wexford County Council,523
Male,77,Wicklow County Council,473
Male,77,Clare County Council,442
Male,77,Cork City Council,629
Male,77,Cork County Council,1101
Male,77,Kerry County Council,593
Male,77,Limerick City & County Council,609
Male,77,Tipperary County Council,581
Male,77,Waterford City & County Council,413
Male,77,Galway City Council,179
Male,77,Galway County Council,597
Male,77,Leitrim County Council,137
Male,77,Mayo  County Council,512
Male,77,Roscommon County Council,237
Male,77,Sligo County Council,234
Male,77,Cavan County Council,224
Male,77,Donegal County Council,594
Male,77,Monaghan County Council,186
Male,78,Ireland,13392
Male,78,Carlow County Council,156
Male,78,Dublin City Council,1265
Male,78,Dún Laoghaire Rathdown County Council,684
Male,78,Fingal County Council,616
Male,78,South Dublin County Council,611
Male,78,Kildare County Council,506
Male,78,Kilkenny County Council,303
Male,78,Laois County Council,218
Male,78,Longford County Council,140
Male,78,Louth County Council,389
Male,78,Meath County Council,486
Male,78,Offaly County Council,208
Male,78,Westmeath County Council,248
Male,78,Wexford County Council,509
Male,78,Wicklow County Council,438
Male,78,Clare County Council,416
Male,78,Cork City Council,530
Male,78,Cork County Council,971
Male,78,Kerry County Council,520
Male,78,Limerick City & County Council,584
Male,78,Tipperary County Council,520
Male,78,Waterford City & County Council,350
Male,78,Galway City Council,165
Male,78,Galway County Council,567
Male,78,Leitrim County Council,110
Male,78,Mayo  County Council,483
Male,78,Roscommon County Council,230
Male,78,Sligo County Council,218
Male,78,Cavan County Council,216
Male,78,Donegal County Council,553
Male,78,Monaghan County Council,182
Male,79,Ireland,12166
Male,79,Carlow County Council,168
Male,79,Dublin City Council,1220
Male,79,Dún Laoghaire Rathdown County Council,655
Male,79,Fingal County Council,566
Male,79,South Dublin County Council,535
Male,79,Kildare County Council,469
Male,79,Kilkenny County Council,270
Male,79,Laois County Council,178
Male,79,Longford County Council,109
Male,79,Louth County Council,291
Male,79,Meath County Council,392
Male,79,Offaly County Council,213
Male,79,Westmeath County Council,206
Male,79,Wexford County Council,445
Male,79,Wicklow County Council,392
Male,79,Clare County Council,314
Male,79,Cork City Council,477
Male,79,Cork County Council,851
Male,79,Kerry County Council,500
Male,79,Limerick City & County Council,559
Male,79,Tipperary County Council,486
Male,79,Waterford City & County Council,349
Male,79,Galway City Council,155
Male,79,Galway County Council,499
Male,79,Leitrim County Council,100
Male,79,Mayo  County Council,428
Male,79,Roscommon County Council,219
Male,79,Sligo County Council,222
Male,79,Cavan County Council,197
Male,79,Donegal County Council,502
Male,79,Monaghan County Council,199
Male,80,Ireland,10674
Male,80,Carlow County Council,116
Male,80,Dublin City Council,1034
Male,80,Dún Laoghaire Rathdown County Council,591
Male,80,Fingal County Council,478
Male,80,South Dublin County Council,472
Male,80,Kildare County Council,373
Male,80,Kilkenny County Council,249
Male,80,Laois County Council,155
Male,80,Longford County Council,92
Male,80,Louth County Council,272
Male,80,Meath County Council,372
Male,80,Offaly County Council,158
Male,80,Westmeath County Council,202
Male,80,Wexford County Council,435
Male,80,Wicklow County Council,334
Male,80,Clare County Council,295
Male,80,Cork City Council,516
Male,80,Cork County Council,790
Male,80,Kerry County Council,372
Male,80,Limerick City & County Council,431
Male,80,Tipperary County Council,383
Male,80,Waterford City & County Council,321
Male,80,Galway City Council,150
Male,80,Galway County Council,499
Male,80,Leitrim County Council,82
Male,80,Mayo  County Council,407
Male,80,Roscommon County Council,171
Male,80,Sligo County Council,176
Male,80,Cavan County Council,175
Male,80,Donegal County Council,456
Male,80,Monaghan County Council,117
Male,81,Ireland,9470
Male,81,Carlow County Council,117
Male,81,Dublin City Council,922
Male,81,Dún Laoghaire Rathdown County Council,528
Male,81,Fingal County Council,420
Male,81,South Dublin County Council,434
Male,81,Kildare County Council,301
Male,81,Kilkenny County Council,229
Male,81,Laois County Council,146
Male,81,Longford County Council,92
Male,81,Louth County Council,264
Male,81,Meath County Council,326
Male,81,Offaly County Council,146
Male,81,Westmeath County Council,187
Male,81,Wexford County Council,367
Male,81,Wicklow County Council,273
Male,81,Clare County Council,271
Male,81,Cork City Council,421
Male,81,Cork County Council,634
Male,81,Kerry County Council,395
Male,81,Limerick City & County Council,421
Male,81,Tipperary County Council,355
Male,81,Waterford City & County Council,276
Male,81,Galway City Council,105
Male,81,Galway County Council,441
Male,81,Leitrim County Council,70
Male,81,Mayo  County Council,349
Male,81,Roscommon County Council,151
Male,81,Sligo County Council,163
Male,81,Cavan County Council,167
Male,81,Donegal County Council,399
Male,81,Monaghan County Council,100
Male,82,Ireland,8779
Male,82,Carlow County Council,109
Male,82,Dublin City Council,919
Male,82,Dún Laoghaire Rathdown County Council,563
Male,82,Fingal County Council,410
Male,82,South Dublin County Council,410
Male,82,Kildare County Council,274
Male,82,Kilkenny County Council,174
Male,82,Laois County Council,121
Male,82,Longford County Council,80
Male,82,Louth County Council,223
Male,82,Meath County Council,293
Male,82,Offaly County Council,159
Male,82,Westmeath County Council,141
Male,82,Wexford County Council,312
Male,82,Wicklow County Council,266
Male,82,Clare County Council,239
Male,82,Cork City Council,393
Male,82,Cork County Council,622
Male,82,Kerry County Council,340
Male,82,Limerick City & County Council,380
Male,82,Tipperary County Council,333
Male,82,Waterford City & County Council,246
Male,82,Galway City Council,100
Male,82,Galway County Council,395
Male,82,Leitrim County Council,88
Male,82,Mayo  County Council,289
Male,82,Roscommon County Council,147
Male,82,Sligo County Council,138
Male,82,Cavan County Council,127
Male,82,Donegal County Council,365
Male,82,Monaghan County Council,123
Male,83,Ireland,7900
Male,83,Carlow County Council,101
Male,83,Dublin City Council,846
Male,83,Dún Laoghaire Rathdown County Council,462
Male,83,Fingal County Council,312
Male,83,South Dublin County Council,343
Male,83,Kildare County Council,230
Male,83,Kilkenny County Council,173
Male,83,Laois County Council,115
Male,83,Longford County Council,68
Male,83,Louth County Council,215
Male,83,Meath County Council,264
Male,83,Offaly County Council,134
Male,83,Westmeath County Council,146
Male,83,Wexford County Council,296
Male,83,Wicklow County Council,249
Male,83,Clare County Council,222
Male,83,Cork City Council,332
Male,83,Cork County Council,528
Male,83,Kerry County Council,270
Male,83,Limerick City & County Council,364
Male,83,Tipperary County Council,304
Male,83,Waterford City & County Council,233
Male,83,Galway City Council,117
Male,83,Galway County Council,365
Male,83,Leitrim County Council,73
Male,83,Mayo  County Council,275
Male,83,Roscommon County Council,150
Male,83,Sligo County Council,133
Male,83,Cavan County Council,136
Male,83,Donegal County Council,340
Male,83,Monaghan County Council,104
Male,84,Ireland,6765
Male,84,Carlow County Council,87
Male,84,Dublin City Council,739
Male,84,Dún Laoghaire Rathdown County Council,410
Male,84,Fingal County Council,277
Male,84,South Dublin County Council,290
Male,84,Kildare County Council,218
Male,84,Kilkenny County Council,159
Male,84,Laois County Council,106
Male,84,Longford County Council,66
Male,84,Louth County Council,194
Male,84,Meath County Council,204
Male,84,Offaly County Council,105
Male,84,Westmeath County Council,116
Male,84,Wexford County Council,254
Male,84,Wicklow County Council,214
Male,84,Clare County Council,187
Male,84,Cork City Council,309
Male,84,Cork County Council,461
Male,84,Kerry County Council,276
Male,84,Limerick City & County Council,278
Male,84,Tipperary County Council,272
Male,84,Waterford City & County Council,167
Male,84,Galway City Council,88
Male,84,Galway County Council,297
Male,84,Leitrim County Council,57
Male,84,Mayo  County Council,232
Male,84,Roscommon County Council,119
Male,84,Sligo County Council,110
Male,84,Cavan County Council,107
Male,84,Donegal County Council,272
Male,84,Monaghan County Council,94
Male,85,Ireland,6154
Male,85,Carlow County Council,64
Male,85,Dublin City Council,677
Male,85,Dún Laoghaire Rathdown County Council,367
Male,85,Fingal County Council,246
Male,85,South Dublin County Council,250
Male,85,Kildare County Council,206
Male,85,Kilkenny County Council,126
Male,85,Laois County Council,84
Male,85,Longford County Council,65
Male,85,Louth County Council,143
Male,85,Meath County Council,200
Male,85,Offaly County Council,127
Male,85,Westmeath County Council,130
Male,85,Wexford County Council,216
Male,85,Wicklow County Council,178
Male,85,Clare County Council,174
Male,85,Cork City Council,252
Male,85,Cork County Council,457
Male,85,Kerry County Council,244
Male,85,Limerick City & County Council,259
Male,85,Tipperary County Council,243
Male,85,Waterford City & County Council,183
Male,85,Galway City Council,81
Male,85,Galway County Council,266
Male,85,Leitrim County Council,53
Male,85,Mayo  County Council,219
Male,85,Roscommon County Council,109
Male,85,Sligo County Council,114
Male,85,Cavan County Council,108
Male,85,Donegal County Council,234
Male,85,Monaghan County Council,79
Male,86,Ireland,5370
Male,86,Carlow County Council,73
Male,86,Dublin City Council,574
Male,86,Dún Laoghaire Rathdown County Council,335
Male,86,Fingal County Council,207
Male,86,South Dublin County Council,226
Male,86,Kildare County Council,153
Male,86,Kilkenny County Council,118
Male,86,Laois County Council,81
Male,86,Longford County Council,61
Male,86,Louth County Council,125
Male,86,Meath County Council,186
Male,86,Offaly County Council,94
Male,86,Westmeath County Council,111
Male,86,Wexford County Council,183
Male,86,Wicklow County Council,161
Male,86,Clare County Council,158
Male,86,Cork City Council,236
Male,86,Cork County Council,412
Male,86,Kerry County Council,179
Male,86,Limerick City & County Council,235
Male,86,Tipperary County Council,210
Male,86,Waterford City & County Council,168
Male,86,Galway City Council,71
Male,86,Galway County Council,235
Male,86,Leitrim County Council,38
Male,86,Mayo  County Council,204
Male,86,Roscommon County Council,106
Male,86,Sligo County Council,92
Male,86,Cavan County Council,98
Male,86,Donegal County Council,168
Male,86,Monaghan County Council,72
Male,87,Ireland,4515
Male,87,Carlow County Council,57
Male,87,Dublin City Council,509
Male,87,Dún Laoghaire Rathdown County Council,288
Male,87,Fingal County Council,185
Male,87,South Dublin County Council,203
Male,87,Kildare County Council,140
Male,87,Kilkenny County Council,107
Male,87,Laois County Council,65
Male,87,Longford County Council,37
Male,87,Louth County Council,90
Male,87,Meath County Council,142
Male,87,Offaly County Council,73
Male,87,Westmeath County Council,99
Male,87,Wexford County Council,140
Male,87,Wicklow County Council,116
Male,87,Clare County Council,113
Male,87,Cork City Council,219
Male,87,Cork County Council,336
Male,87,Kerry County Council,164
Male,87,Limerick City & County Council,191
Male,87,Tipperary County Council,161
Male,87,Waterford City & County Council,130
Male,87,Galway City Council,52
Male,87,Galway County Council,195
Male,87,Leitrim County Council,50
Male,87,Mayo  County Council,155
Male,87,Roscommon County Council,92
Male,87,Sligo County Council,91
Male,87,Cavan County Council,75
Male,87,Donegal County Council,177
Male,87,Monaghan County Council,63
Male,88,Ireland,3771
Male,88,Carlow County Council,37
Male,88,Dublin City Council,444
Male,88,Dún Laoghaire Rathdown County Council,256
Male,88,Fingal County Council,105
Male,88,South Dublin County Council,138
Male,88,Kildare County Council,101
Male,88,Kilkenny County Council,77
Male,88,Laois County Council,52
Male,88,Longford County Council,42
Male,88,Louth County Council,101
Male,88,Meath County Council,111
Male,88,Offaly County Council,72
Male,88,Westmeath County Council,69
Male,88,Wexford County Council,153
Male,88,Wicklow County Council,94
Male,88,Clare County Council,114
Male,88,Cork City Council,163
Male,88,Cork County Council,263
Male,88,Kerry County Council,139
Male,88,Limerick City & County Council,148
Male,88,Tipperary County Council,145
Male,88,Waterford City & County Council,108
Male,88,Galway City Council,66
Male,88,Galway County Council,176
Male,88,Leitrim County Council,34
Male,88,Mayo  County Council,154
Male,88,Roscommon County Council,75
Male,88,Sligo County Council,68
Male,88,Cavan County Council,83
Male,88,Donegal County Council,131
Male,88,Monaghan County Council,52
Male,89,Ireland,3036
Male,89,Carlow County Council,32
Male,89,Dublin City Council,354
Male,89,Dún Laoghaire Rathdown County Council,194
Male,89,Fingal County Council,141
Male,89,South Dublin County Council,131
Male,89,Kildare County Council,82
Male,89,Kilkenny County Council,73
Male,89,Laois County Council,32
Male,89,Longford County Council,31
Male,89,Louth County Council,67
Male,89,Meath County Council,81
Male,89,Offaly County Council,58
Male,89,Westmeath County Council,53
Male,89,Wexford County Council,98
Male,89,Wicklow County Council,113
Male,89,Clare County Council,75
Male,89,Cork City Council,133
Male,89,Cork County Council,209
Male,89,Kerry County Council,87
Male,89,Limerick City & County Council,115
Male,89,Tipperary County Council,141
Male,89,Waterford City & County Council,77
Male,89,Galway City Council,42
Male,89,Galway County Council,137
Male,89,Leitrim County Council,17
Male,89,Mayo  County Council,112
Male,89,Roscommon County Council,49
Male,89,Sligo County Council,53
Male,89,Cavan County Council,55
Male,89,Donegal County Council,138
Male,89,Monaghan County Council,56
Male,90,Ireland,2444
Male,90,Carlow County Council,17
Male,90,Dublin City Council,271
Male,90,Dún Laoghaire Rathdown County Council,181
Male,90,Fingal County Council,85
Male,90,South Dublin County Council,121
Male,90,Kildare County Council,72
Male,90,Kilkenny County Council,49
Male,90,Laois County Council,26
Male,90,Longford County Council,17
Male,90,Louth County Council,57
Male,90,Meath County Council,67
Male,90,Offaly County Council,44
Male,90,Westmeath County Council,39
Male,90,Wexford County Council,78
Male,90,Wicklow County Council,64
Male,90,Clare County Council,68
Male,90,Cork City Council,113
Male,90,Cork County Council,193
Male,90,Kerry County Council,81
Male,90,Limerick City & County Council,93
Male,90,Tipperary County Council,99
Male,90,Waterford City & County Council,78
Male,90,Galway City Council,34
Male,90,Galway County Council,111
Male,90,Leitrim County Council,28
Male,90,Mayo  County Council,99
Male,90,Roscommon County Council,49
Male,90,Sligo County Council,45
Male,90,Cavan County Council,39
Male,90,Donegal County Council,94
Male,90,Monaghan County Council,32
Male,91,Ireland,1950
Male,91,Carlow County Council,27
Male,91,Dublin City Council,244
Male,91,Dún Laoghaire Rathdown County Council,128
Male,91,Fingal County Council,58
Male,91,South Dublin County Council,91
Male,91,Kildare County Council,51
Male,91,Kilkenny County Council,45
Male,91,Laois County Council,40
Male,91,Longford County Council,11
Male,91,Louth County Council,37
Male,91,Meath County Council,56
Male,91,Offaly County Council,29
Male,91,Westmeath County Council,36
Male,91,Wexford County Council,62
Male,91,Wicklow County Council,61
Male,91,Clare County Council,49
Male,91,Cork City Council,95
Male,91,Cork County Council,148
Male,91,Kerry County Council,76
Male,91,Limerick City & County Council,69
Male,91,Tipperary County Council,80
Male,91,Waterford City & County Council,63
Male,91,Galway City Council,34
Male,91,Galway County Council,74
Male,91,Leitrim County Council,21
Male,91,Mayo  County Council,69
Male,91,Roscommon County Council,40
Male,91,Sligo County Council,30
Male,91,Cavan County Council,36
Male,91,Donegal County Council,71
Male,91,Monaghan County Council,19
Male,92,Ireland,1297
Male,92,Carlow County Council,14
Male,92,Dublin City Council,169
Male,92,Dún Laoghaire Rathdown County Council,93
Male,92,Fingal County Council,42
Male,92,South Dublin County Council,50
Male,92,Kildare County Council,41
Male,92,Kilkenny County Council,25
Male,92,Laois County Council,17
Male,92,Longford County Council,7
Male,92,Louth County Council,34
Male,92,Meath County Council,41
Male,92,Offaly County Council,25
Male,92,Westmeath County Council,29
Male,92,Wexford County Council,45
Male,92,Wicklow County Council,33
Male,92,Clare County Council,28
Male,92,Cork City Council,60
Male,92,Cork County Council,93
Male,92,Kerry County Council,40
Male,92,Limerick City & County Council,47
Male,92,Tipperary County Council,68
Male,92,Waterford City & County Council,33
Male,92,Galway City Council,19
Male,92,Galway County Council,59
Male,92,Leitrim County Council,12
Male,92,Mayo  County Council,44
Male,92,Roscommon County Council,22
Male,92,Sligo County Council,16
Male,92,Cavan County Council,15
Male,92,Donegal County Council,54
Male,92,Monaghan County Council,22
Male,93,Ireland,937
Male,93,Carlow County Council,4
Male,93,Dublin City Council,125
Male,93,Dún Laoghaire Rathdown County Council,68
Male,93,Fingal County Council,38
Male,93,South Dublin County Council,31
Male,93,Kildare County Council,33
Male,93,Kilkenny County Council,21
Male,93,Laois County Council,17
Male,93,Longford County Council,6
Male,93,Louth County Council,25
Male,93,Meath County Council,34
Male,93,Offaly County Council,9
Male,93,Westmeath County Council,16
Male,93,Wexford County Council,34
Male,93,Wicklow County Council,20
Male,93,Clare County Council,20
Male,93,Cork City Council,38
Male,93,Cork County Council,64
Male,93,Kerry County Council,35
Male,93,Limerick City & County Council,34
Male,93,Tipperary County Council,45
Male,93,Waterford City & County Council,25
Male,93,Galway City Council,10
Male,93,Galway County Council,38
Male,93,Leitrim County Council,10
Male,93,Mayo  County Council,29
Male,93,Roscommon County Council,20
Male,93,Sligo County Council,16
Male,93,Cavan County Council,15
Male,93,Donegal County Council,41
Male,93,Monaghan County Council,16
Male,94,Ireland,718
Male,94,Carlow County Council,6
Male,94,Dublin City Council,98
Male,94,Dún Laoghaire Rathdown County Council,65
Male,94,Fingal County Council,24
Male,94,South Dublin County Council,28
Male,94,Kildare County Council,25
Male,94,Kilkenny County Council,19
Male,94,Laois County Council,8
Male,94,Longford County Council,7
Male,94,Louth County Council,11
Male,94,Meath County Council,20
Male,94,Offaly County Council,20
Male,94,Westmeath County Council,11
Male,94,Wexford County Council,22
Male,94,Wicklow County Council,23
Male,94,Clare County Council,14
Male,94,Cork City Council,17
Male,94,Cork County Council,43
Male,94,Kerry County Council,22
Male,94,Limerick City & County Council,24
Male,94,Tipperary County Council,28
Male,94,Waterford City & County Council,17
Male,94,Galway City Council,9
Male,94,Galway County Council,39
Male,94,Leitrim County Council,8
Male,94,Mayo  County Council,28
Male,94,Roscommon County Council,23
Male,94,Sligo County Council,12
Male,94,Cavan County Council,12
Male,94,Donegal County Council,26
Male,94,Monaghan County Council,9
Male,95,Ireland,482
Male,95,Carlow County Council,2
Male,95,Dublin City Council,71
Male,95,Dún Laoghaire Rathdown County Council,40
Male,95,Fingal County Council,14
Male,95,South Dublin County Council,23
Male,95,Kildare County Council,14
Male,95,Kilkenny County Council,8
Male,95,Laois County Council,5
Male,95,Longford County Council,1
Male,95,Louth County Council,11
Male,95,Meath County Council,19
Male,95,Offaly County Council,8
Male,95,Westmeath County Council,12
Male,95,Wexford County Council,15
Male,95,Wicklow County Council,15
Male,95,Clare County Council,13
Male,95,Cork City Council,19
Male,95,Cork County Council,37
Male,95,Kerry County Council,10
Male,95,Limerick City & County Council,18
Male,95,Tipperary County Council,21
Male,95,Waterford City & County Council,4
Male,95,Galway City Council,4
Male,95,Galway County Council,29
Male,95,Leitrim County Council,7
Male,95,Mayo  County Council,12
Male,95,Roscommon County Council,8
Male,95,Sligo County Council,5
Male,95,Cavan County Council,8
Male,95,Donegal County Council,28
Male,95,Monaghan County Council,1
Male,96,Ireland,327
Male,96,Carlow County Council,3
Male,96,Dublin City Council,58
Male,96,Dún Laoghaire Rathdown County Council,34
Male,96,Fingal County Council,16
Male,96,South Dublin County Council,7
Male,96,Kildare County Council,8
Male,96,Kilkenny County Council,9
Male,96,Laois County Council,1
Male,96,Longford County Council,3
Male,96,Louth County Council,5
Male,96,Meath County Council,9
Male,96,Offaly County Council,8
Male,96,Westmeath County Council,7
Male,96,Wexford County Council,9
Male,96,Wicklow County Council,12
Male,96,Clare County Council,12
Male,96,Cork City Council,11
Male,96,Cork County Council,18
Male,96,Kerry County Council,9
Male,96,Limerick City & County Council,14
Male,96,Tipperary County Council,7
Male,96,Waterford City & County Council,7
Male,96,Galway City Council,3
Male,96,Galway County Council,7
Male,96,Leitrim County Council,0
Male,96,Mayo  County Council,10
Male,96,Roscommon County Council,9
Male,96,Sligo County Council,7
Male,96,Cavan County Council,7
Male,96,Donegal County Council,14
Male,96,Monaghan County Council,3
Male,97,Ireland,217
Male,97,Carlow County Council,2
Male,97,Dublin City Council,28
Male,97,Dún Laoghaire Rathdown County Council,14
Male,97,Fingal County Council,11
Male,97,South Dublin County Council,9
Male,97,Kildare County Council,7
Male,97,Kilkenny County Council,5
Male,97,Laois County Council,2
Male,97,Longford County Council,2
Male,97,Louth County Council,5
Male,97,Meath County Council,6
Male,97,Offaly County Council,3
Male,97,Westmeath County Council,5
Male,97,Wexford County Council,6
Male,97,Wicklow County Council,4
Male,97,Clare County Council,11
Male,97,Cork City Council,11
Male,97,Cork County Council,16
Male,97,Kerry County Council,13
Male,97,Limerick City & County Council,9
Male,97,Tipperary County Council,6
Male,97,Waterford City & County Council,5
Male,97,Galway City Council,2
Male,97,Galway County Council,8
Male,97,Leitrim County Council,3
Male,97,Mayo  County Council,10
Male,97,Roscommon County Council,1
Male,97,Sligo County Council,4
Male,97,Cavan County Council,3
Male,97,Donegal County Council,6
Male,97,Monaghan County Council,0
Male,98,Ireland,130
Male,98,Carlow County Council,2
Male,98,Dublin City Council,24
Male,98,Dún Laoghaire Rathdown County Council,10
Male,98,Fingal County Council,3
Male,98,South Dublin County Council,4
Male,98,Kildare County Council,3
Male,98,Kilkenny County Council,2
Male,98,Laois County Council,4
Male,98,Longford County Council,0
Male,98,Louth County Council,3
Male,98,Meath County Council,3
Male,98,Offaly County Council,1
Male,98,Westmeath County Council,3
Male,98,Wexford County Council,4
Male,98,Wicklow County Council,4
Male,98,Clare County Council,3
Male,98,Cork City Council,3
Male,98,Cork County Council,7
Male,98,Kerry County Council,4
Male,98,Limerick City & County Council,9
Male,98,Tipperary County Council,5
Male,98,Waterford City & County Council,4
Male,98,Galway City Council,1
Male,98,Galway County Council,5
Male,98,Leitrim County Council,1
Male,98,Mayo  County Council,9
Male,98,Roscommon County Council,1
Male,98,Sligo County Council,1
Male,98,Cavan County Council,1
Male,98,Donegal County Council,4
Male,98,Monaghan County Council,2
Male,99,Ireland,105
Male,99,Carlow County Council,1
Male,99,Dublin City Council,15
Male,99,Dún Laoghaire Rathdown County Council,6
Male,99,Fingal County Council,2
Male,99,South Dublin County Council,7
Male,99,Kildare County Council,1
Male,99,Kilkenny County Council,4
Male,99,Laois County Council,0
Male,99,Longford County Council,1
Male,99,Louth County Council,1
Male,99,Meath County Council,3
Male,99,Offaly County Council,0
Male,99,Westmeath County Council,3
Male,99,Wexford County Council,6
Male,99,Wicklow County Council,1
Male,99,Clare County Council,3
Male,99,Cork City Council,4
Male,99,Cork County Council,8
Male,99,Kerry County Council,3
Male,99,Limerick City & County Council,6
Male,99,Tipperary County Council,5
Male,99,Waterford City & County Council,4
Male,99,Galway City Council,3
Male,99,Galway County Council,6
Male,99,Leitrim County Council,0
Male,99,Mayo  County Council,2
Male,99,Roscommon County Council,3
Male,99,Sligo County Council,2
Male,99,Cavan County Council,0
Male,99,Donegal County Council,5
Male,99,Monaghan County Council,0
Male,100,Ireland,154
Male,100,Carlow County Council,0
Male,100,Dublin City Council,20
Male,100,Dún Laoghaire Rathdown County Council,13
Male,100,Fingal County Council,4
Male,100,South Dublin County Council,7
Male,100,Kildare County Council,6
Male,100,Kilkenny County Council,6
Male,100,Laois County Council,0
Male,100,Longford County Council,1
Male,100,Louth County Council,5
Male,100,Meath County Council,4
Male,100,Offaly County Council,1
Male,100,Westmeath County Council,3
Male,100,Wexford County Council,2
Male,100,Wicklow County Council,3
Male,100,Clare County Council,3
Male,100,Cork City Council,6
Male,100,Cork County Council,11
Male,100,Kerry County Council,2
Male,100,Limerick City & County Council,7
Male,100,Tipperary County Council,4
Male,100,Waterford City & County Council,4
Male,100,Galway City Council,3
Male,100,Galway County Council,16
Male,100,Leitrim County Council,0
Male,100,Mayo  County Council,6
Male,100,Roscommon County Council,5
Male,100,Sligo County Council,3
Male,100,Cavan County Council,6
Male,100,Donegal County Council,2
Male,100,Monaghan County Council,1
Female,0,Ireland,28186
Female,0,Carlow County Council,353
Female,0,Dublin City Council,3025
Female,0,Dún Laoghaire Rathdown County Council,1188
Female,0,Fingal County Council,1950
Female,0,South Dublin County Council,1689
Female,0,Kildare County Council,1455
Female,0,Kilkenny County Council,553
Female,0,Laois County Council,545
Female,0,Longford County Council,270
Female,0,Louth County Council,848
Female,0,Meath County Council,1368
Female,0,Offaly County Council,454
Female,0,Westmeath County Council,535
Female,0,Wexford County Council,882
Female,0,Wicklow County Council,800
Female,0,Clare County Council,691
Female,0,Cork City Council,1124
Female,0,Cork County Council,2055
Female,0,Kerry County Council,843
Female,0,Limerick City & County Council,1049
Female,0,Tipperary County Council,915
Female,0,Waterford City & County Council,662
Female,0,Galway City Council,387
Female,0,Galway County Council,1073
Female,0,Leitrim County Council,204
Female,0,Mayo  County Council,730
Female,0,Roscommon County Council,366
Female,0,Sligo County Council,367
Female,0,Cavan County Council,501
Female,0,Donegal County Council,881
Female,0,Monaghan County Council,423
Female,1,Ireland,27545
Female,1,Carlow County Council,302
Female,1,Dublin City Council,2762
Female,1,Dún Laoghaire Rathdown County Council,1192
Female,1,Fingal County Council,1907
Female,1,South Dublin County Council,1751
Female,1,Kildare County Council,1452
Female,1,Kilkenny County Council,545
Female,1,Laois County Council,491
Female,1,Longford County Council,238
Female,1,Louth County Council,722
Female,1,Meath County Council,1235
Female,1,Offaly County Council,446
Female,1,Westmeath County Council,602
Female,1,Wexford County Council,878
Female,1,Wicklow County Council,820
Female,1,Clare County Council,704
Female,1,Cork City Council,1136
Female,1,Cork County Council,2045
Female,1,Kerry County Council,739
Female,1,Limerick City & County Council,1087
Female,1,Tipperary County Council,872
Female,1,Waterford City & County Council,602
Female,1,Galway City Council,395
Female,1,Galway County Council,1082
Female,1,Leitrim County Council,202
Female,1,Mayo  County Council,790
Female,1,Roscommon County Council,384
Female,1,Sligo County Council,383
Female,1,Cavan County Council,477
Female,1,Donegal County Council,918
Female,1,Monaghan County Council,386
Female,2,Ireland,28974
Female,2,Carlow County Council,334
Female,2,Dublin City Council,2795
Female,2,Dún Laoghaire Rathdown County Council,1238
Female,2,Fingal County Council,2112
Female,2,South Dublin County Council,1867
Female,2,Kildare County Council,1559
Female,2,Kilkenny County Council,559
Female,2,Laois County Council,564
Female,2,Longford County Council,243
Female,2,Louth County Council,793
Female,2,Meath County Council,1388
Female,2,Offaly County Council,456
Female,2,Westmeath County Council,532
Female,2,Wexford County Council,921
Female,2,Wicklow County Council,890
Female,2,Clare County Council,744
Female,2,Cork City Council,1162
Female,2,Cork County Council,2106
Female,2,Kerry County Council,803
Female,2,Limerick City & County Council,1130
Female,2,Tipperary County Council,879
Female,2,Waterford City & County Council,665
Female,2,Galway City Council,386
Female,2,Galway County Council,1161
Female,2,Leitrim County Council,229
Female,2,Mayo  County Council,731
Female,2,Roscommon County Council,428
Female,2,Sligo County Council,360
Female,2,Cavan County Council,520
Female,2,Donegal County Council,983
Female,2,Monaghan County Council,436
Female,3,Ireland,29483
Female,3,Carlow County Council,378
Female,3,Dublin City Council,2705
Female,3,Dún Laoghaire Rathdown County Council,1309
Female,3,Fingal County Council,2161
Female,3,South Dublin County Council,1859
Female,3,Kildare County Council,1509
Female,3,Kilkenny County Council,597
Female,3,Laois County Council,571
Female,3,Longford County Council,300
Female,3,Louth County Council,787
Female,3,Meath County Council,1389
Female,3,Offaly County Council,478
Female,3,Westmeath County Council,558
Female,3,Wexford County Council,903
Female,3,Wicklow County Council,886
Female,3,Clare County Council,745
Female,3,Cork City Council,1106
Female,3,Cork County Council,2177
Female,3,Kerry County Council,847
Female,3,Limerick City & County Council,1159
Female,3,Tipperary County Council,1019
Female,3,Waterford City & County Council,721
Female,3,Galway City Council,389
Female,3,Galway County Council,1191
Female,3,Leitrim County Council,192
Female,3,Mayo  County Council,743
Female,3,Roscommon County Council,418
Female,3,Sligo County Council,405
Female,3,Cavan County Council,525
Female,3,Donegal County Council,1044
Female,3,Monaghan County Council,412
Female,4,Ireland,29819
Female,4,Carlow County Council,369
Female,4,Dublin City Council,2755
Female,4,Dún Laoghaire Rathdown County Council,1278
Female,4,Fingal County Council,2147
Female,4,South Dublin County Council,1868
Female,4,Kildare County Council,1563
Female,4,Kilkenny County Council,618
Female,4,Laois County Council,577
Female,4,Longford County Council,283
Female,4,Louth County Council,814
Female,4,Meath County Council,1448
Female,4,Offaly County Council,488
Female,4,Westmeath County Council,609
Female,4,Wexford County Council,921
Female,4,Wicklow County Council,887
Female,4,Clare County Council,766
Female,4,Cork City Council,1101
Female,4,Cork County Council,2262
Female,4,Kerry County Council,844
Female,4,Limerick City & County Council,1227
Female,4,Tipperary County Council,998
Female,4,Waterford City & County Council,634
Female,4,Galway City Council,418
Female,4,Galway County Council,1189
Female,4,Leitrim County Council,227
Female,4,Mayo  County Council,751
Female,4,Roscommon County Council,406
Female,4,Sligo County Council,408
Female,4,Cavan County Council,492
Female,4,Donegal County Council,1047
Female,4,Monaghan County Council,424
Female,5,Ireland,31342
Female,5,Carlow County Council,365
Female,5,Dublin City Council,2782
Female,5,Dún Laoghaire Rathdown County Council,1426
Female,5,Fingal County Council,2252
Female,5,South Dublin County Council,1946
Female,5,Kildare County Council,1604
Female,5,Kilkenny County Council,644
Female,5,Laois County Council,607
Female,5,Longford County Council,299
Female,5,Louth County Council,896
Female,5,Meath County Council,1520
Female,5,Offaly County Council,530
Female,5,Westmeath County Council,617
Female,5,Wexford County Council,1000
Female,5,Wicklow County Council,1013
Female,5,Clare County Council,799
Female,5,Cork City Council,1186
Female,5,Cork County Council,2347
Female,5,Kerry County Council,935
Female,5,Limerick City & County Council,1190
Female,5,Tipperary County Council,987
Female,5,Waterford City & County Council,728
Female,5,Galway City Council,412
Female,5,Galway County Council,1286
Female,5,Leitrim County Council,218
Female,5,Mayo  County Council,832
Female,5,Roscommon County Council,442
Female,5,Sligo County Council,392
Female,5,Cavan County Council,544
Female,5,Donegal County Council,1095
Female,5,Monaghan County Council,448
Female,6,Ireland,32622
Female,6,Carlow County Council,367
Female,6,Dublin City Council,2879
Female,6,Dún Laoghaire Rathdown County Council,1394
Female,6,Fingal County Council,2361
Female,6,South Dublin County Council,2057
Female,6,Kildare County Council,1722
Female,6,Kilkenny County Council,669
Female,6,Laois County Council,630
Female,6,Longford County Council,287
Female,6,Louth County Council,935
Female,6,Meath County Council,1628
Female,6,Offaly County Council,522
Female,6,Westmeath County Council,668
Female,6,Wexford County Council,1058
Female,6,Wicklow County Council,1026
Female,6,Clare County Council,789
Female,6,Cork City Council,1228
Female,6,Cork County Council,2434
Female,6,Kerry County Council,903
Female,6,Limerick City & County Council,1317
Female,6,Tipperary County Council,1079
Female,6,Waterford City & County Council,780
Female,6,Galway City Council,406
Female,6,Galway County Council,1361
Female,6,Leitrim County Council,236
Female,6,Mayo  County Council,847
Female,6,Roscommon County Council,473
Female,6,Sligo County Council,401
Female,6,Cavan County Council,591
Female,6,Donegal County Council,1061
Female,6,Monaghan County Council,513
Female,7,Ireland,33572
Female,7,Carlow County Council,455
Female,7,Dublin City Council,2891
Female,7,Dún Laoghaire Rathdown County Council,1469
Female,7,Fingal County Council,2476
Female,7,South Dublin County Council,2092
Female,7,Kildare County Council,1776
Female,7,Kilkenny County Council,756
Female,7,Laois County Council,696
Female,7,Longford County Council,345
Female,7,Louth County Council,936
Female,7,Meath County Council,1665
Female,7,Offaly County Council,618
Female,7,Westmeath County Council,677
Female,7,Wexford County Council,1069
Female,7,Wicklow County Council,1045
Female,7,Clare County Council,805
Female,7,Cork City Council,1195
Female,7,Cork County Council,2605
Female,7,Kerry County Council,946
Female,7,Limerick City & County Council,1271
Female,7,Tipperary County Council,1088
Female,7,Waterford City & County Council,841
Female,7,Galway City Council,433
Female,7,Galway County Council,1291
Female,7,Leitrim County Council,239
Female,7,Mayo  County Council,874
Female,7,Roscommon County Council,504
Female,7,Sligo County Council,426
Female,7,Cavan County Council,555
Female,7,Donegal County Council,1075
Female,7,Monaghan County Council,458
Female,8,Ireland,34437
Female,8,Carlow County Council,404
Female,8,Dublin City Council,2991
Female,8,Dún Laoghaire Rathdown County Council,1468
Female,8,Fingal County Council,2608
Female,8,South Dublin County Council,2183
Female,8,Kildare County Council,1773
Female,8,Kilkenny County Council,702
Female,8,Laois County Council,723
Female,8,Longford County Council,313
Female,8,Louth County Council,1011
Female,8,Meath County Council,1712
Female,8,Offaly County Council,578
Female,8,Westmeath County Council,712
Female,8,Wexford County Council,1104
Female,8,Wicklow County Council,1105
Female,8,Clare County Council,801
Female,8,Cork City Council,1246
Female,8,Cork County Council,2625
Female,8,Kerry County Council,919
Female,8,Limerick City & County Council,1362
Female,8,Tipperary County Council,1156
Female,8,Waterford City & County Council,820
Female,8,Galway City Council,480
Female,8,Galway County Council,1408
Female,8,Leitrim County Council,255
Female,8,Mayo  County Council,861
Female,8,Roscommon County Council,470
Female,8,Sligo County Council,461
Female,8,Cavan County Council,615
Female,8,Donegal County Council,1095
Female,8,Monaghan County Council,476
Female,9,Ireland,35227
Female,9,Carlow County Council,435
Female,9,Dublin City Council,2930
Female,9,Dún Laoghaire Rathdown County Council,1550
Female,9,Fingal County Council,2625
Female,9,South Dublin County Council,2224
Female,9,Kildare County Council,1893
Female,9,Kilkenny County Council,773
Female,9,Laois County Council,655
Female,9,Longford County Council,356
Female,9,Louth County Council,1061
Female,9,Meath County Council,1832
Female,9,Offaly County Council,600
Female,9,Westmeath County Council,706
Female,9,Wexford County Council,1119
Female,9,Wicklow County Council,1161
Female,9,Clare County Council,873
Female,9,Cork City Council,1271
Female,9,Cork County Council,2699
Female,9,Kerry County Council,1000
Female,9,Limerick City & County Council,1363
Female,9,Tipperary County Council,1140
Female,9,Waterford City & County Council,826
Female,9,Galway City Council,465
Female,9,Galway County Council,1345
Female,9,Leitrim County Council,258
Female,9,Mayo  County Council,908
Female,9,Roscommon County Council,483
Female,9,Sligo County Council,448
Female,9,Cavan County Council,602
Female,9,Donegal County Council,1169
Female,9,Monaghan County Council,457
Female,10,Ireland,36066
Female,10,Carlow County Council,446
Female,10,Dublin City Council,3027
Female,10,Dún Laoghaire Rathdown County Council,1449
Female,10,Fingal County Council,2736
Female,10,South Dublin County Council,2270
Female,10,Kildare County Council,1890
Female,10,Kilkenny County Council,771
Female,10,Laois County Council,769
Female,10,Longford County Council,361
Female,10,Louth County Council,1029
Female,10,Meath County Council,1800
Female,10,Offaly County Council,650
Female,10,Westmeath County Council,690
Female,10,Wexford County Council,1107
Female,10,Wicklow County Council,1139
Female,10,Clare County Council,960
Female,10,Cork City Council,1285
Female,10,Cork County Council,2831
Female,10,Kerry County Council,1023
Female,10,Limerick City & County Council,1392
Female,10,Tipperary County Council,1185
Female,10,Waterford City & County Council,871
Female,10,Galway City Council,438
Female,10,Galway County Council,1418
Female,10,Leitrim County Council,257
Female,10,Mayo  County Council,939
Female,10,Roscommon County Council,484
Female,10,Sligo County Council,465
Female,10,Cavan County Council,661
Female,10,Donegal County Council,1233
Female,10,Monaghan County Council,490
Female,11,Ireland,36863
Female,11,Carlow County Council,450
Female,11,Dublin City Council,3003
Female,11,Dún Laoghaire Rathdown County Council,1484
Female,11,Fingal County Council,2660
Female,11,South Dublin County Council,2350
Female,11,Kildare County Council,1954
Female,11,Kilkenny County Council,809
Female,11,Laois County Council,729
Female,11,Longford County Council,343
Female,11,Louth County Council,1066
Female,11,Meath County Council,1920
Female,11,Offaly County Council,608
Female,11,Westmeath County Council,714
Female,11,Wexford County Council,1190
Female,11,Wicklow County Council,1292
Female,11,Clare County Council,913
Female,11,Cork City Council,1302
Female,11,Cork County Council,2873
Female,11,Kerry County Council,1074
Female,11,Limerick City & County Council,1487
Female,11,Tipperary County Council,1163
Female,11,Waterford City & County Council,943
Female,11,Galway City Council,480
Female,11,Galway County Council,1487
Female,11,Leitrim County Council,265
Female,11,Mayo  County Council,960
Female,11,Roscommon County Council,505
Female,11,Sligo County Council,459
Female,11,Cavan County Council,624
Female,11,Donegal County Council,1254
Female,11,Monaghan County Council,502
Female,12,Ireland,37297
Female,12,Carlow County Council,467
Female,12,Dublin City Council,3048
Female,12,Dún Laoghaire Rathdown County Council,1430
Female,12,Fingal County Council,2779
Female,12,South Dublin County Council,2396
Female,12,Kildare County Council,1984
Female,12,Kilkenny County Council,775
Female,12,Laois County Council,807
Female,12,Longford County Council,350
Female,12,Louth County Council,1113
Female,12,Meath County Council,1912
Female,12,Offaly County Council,619
Female,12,Westmeath County Council,714
Female,12,Wexford County Council,1228
Female,12,Wicklow County Council,1264
Female,12,Clare County Council,999
Female,12,Cork City Council,1334
Female,12,Cork County Council,2829
Female,12,Kerry County Council,1090
Female,12,Limerick City & County Council,1362
Female,12,Tipperary County Council,1225
Female,12,Waterford City & County Council,949
Female,12,Galway City Council,438
Female,12,Galway County Council,1413
Female,12,Leitrim County Council,276
Female,12,Mayo  County Council,962
Female,12,Roscommon County Council,539
Female,12,Sligo County Council,506
Female,12,Cavan County Council,672
Female,12,Donegal County Council,1292
Female,12,Monaghan County Council,525
Female,13,Ireland,36782
Female,13,Carlow County Council,459
Female,13,Dublin City Council,2975
Female,13,Dún Laoghaire Rathdown County Council,1432
Female,13,Fingal County Council,2655
Female,13,South Dublin County Council,2304
Female,13,Kildare County Council,1909
Female,13,Kilkenny County Council,769
Female,13,Laois County Council,745
Female,13,Longford County Council,378
Female,13,Louth County Council,1113
Female,13,Meath County Council,1888
Female,13,Offaly County Council,662
Female,13,Westmeath County Council,683
Female,13,Wexford County Council,1283
Female,13,Wicklow County Council,1153
Female,13,Clare County Council,914
Female,13,Cork City Council,1302
Female,13,Cork County Council,2897
Female,13,Kerry County Council,1087
Female,13,Limerick City & County Council,1435
Female,13,Tipperary County Council,1246
Female,13,Waterford City & County Council,985
Female,13,Galway City Council,468
Female,13,Galway County Council,1471
Female,13,Leitrim County Council,238
Female,13,Mayo  County Council,919
Female,13,Roscommon County Council,488
Female,13,Sligo County Council,503
Female,13,Cavan County Council,634
Female,13,Donegal County Council,1255
Female,13,Monaghan County Council,532
Female,14,Ireland,36080
Female,14,Carlow County Council,465
Female,14,Dublin City Council,2942
Female,14,Dún Laoghaire Rathdown County Council,1464
Female,14,Fingal County Council,2584
Female,14,South Dublin County Council,2222
Female,14,Kildare County Council,1907
Female,14,Kilkenny County Council,692
Female,14,Laois County Council,763
Female,14,Longford County Council,352
Female,14,Louth County Council,1072
Female,14,Meath County Council,1853
Female,14,Offaly County Council,589
Female,14,Westmeath County Council,689
Female,14,Wexford County Council,1200
Female,14,Wicklow County Council,1238
Female,14,Clare County Council,894
Female,14,Cork City Council,1270
Female,14,Cork County Council,2779
Female,14,Kerry County Council,1098
Female,14,Limerick City & County Council,1445
Female,14,Tipperary County Council,1259
Female,14,Waterford City & County Council,896
Female,14,Galway City Council,425
Female,14,Galway County Council,1506
Female,14,Leitrim County Council,230
Female,14,Mayo  County Council,942
Female,14,Roscommon County Council,473
Female,14,Sligo County Council,467
Female,14,Cavan County Council,621
Female,14,Donegal County Council,1281
Female,14,Monaghan County Council,462
Female,15,Ireland,34492
Female,15,Carlow County Council,411
Female,15,Dublin City Council,2729
Female,15,Dún Laoghaire Rathdown County Council,1383
Female,15,Fingal County Council,2420
Female,15,South Dublin County Council,2126
Female,15,Kildare County Council,1817
Female,15,Kilkenny County Council,760
Female,15,Laois County Council,727
Female,15,Longford County Council,358
Female,15,Louth County Council,1030
Female,15,Meath County Council,1729
Female,15,Offaly County Council,597
Female,15,Westmeath County Council,659
Female,15,Wexford County Council,1170
Female,15,Wicklow County Council,1125
Female,15,Clare County Council,907
Female,15,Cork City Council,1228
Female,15,Cork County Council,2629
Female,15,Kerry County Council,1036
Female,15,Limerick City & County Council,1335
Female,15,Tipperary County Council,1178
Female,15,Waterford City & County Council,872
Female,15,Galway City Council,433
Female,15,Galway County Council,1394
Female,15,Leitrim County Council,263
Female,15,Mayo  County Council,911
Female,15,Roscommon County Council,491
Female,15,Sligo County Council,442
Female,15,Cavan County Council,643
Female,15,Donegal County Council,1202
Female,15,Monaghan County Council,487
Female,16,Ireland,33168
Female,16,Carlow County Council,442
Female,16,Dublin City Council,2658
Female,16,Dún Laoghaire Rathdown County Council,1352
Female,16,Fingal County Council,2238
Female,16,South Dublin County Council,1978
Female,16,Kildare County Council,1713
Female,16,Kilkenny County Council,673
Female,16,Laois County Council,633
Female,16,Longford County Council,327
Female,16,Louth County Council,1019
Female,16,Meath County Council,1570
Female,16,Offaly County Council,566
Female,16,Westmeath County Council,635
Female,16,Wexford County Council,1108
Female,16,Wicklow County Council,1054
Female,16,Clare County Council,947
Female,16,Cork City Council,1202
Female,16,Cork County Council,2562
Female,16,Kerry County Council,1019
Female,16,Limerick City & County Council,1291
Female,16,Tipperary County Council,1152
Female,16,Waterford City & County Council,866
Female,16,Galway City Council,443
Female,16,Galway County Council,1444
Female,16,Leitrim County Council,229
Female,16,Mayo  County Council,933
Female,16,Roscommon County Council,511
Female,16,Sligo County Council,455
Female,16,Cavan County Council,550
Female,16,Donegal County Council,1149
Female,16,Monaghan County Council,449
Female,17,Ireland,33045
Female,17,Carlow County Council,414
Female,17,Dublin City Council,2734
Female,17,Dún Laoghaire Rathdown County Council,1398
Female,17,Fingal County Council,2195
Female,17,South Dublin County Council,2034
Female,17,Kildare County Council,1734
Female,17,Kilkenny County Council,739
Female,17,Laois County Council,718
Female,17,Longford County Council,314
Female,17,Louth County Council,1009
Female,17,Meath County Council,1582
Female,17,Offaly County Council,524
Female,17,Westmeath County Council,643
Female,17,Wexford County Council,1062
Female,17,Wicklow County Council,1064
Female,17,Clare County Council,890
Female,17,Cork City Council,1222
Female,17,Cork County Council,2431
Female,17,Kerry County Council,1046
Female,17,Limerick City & County Council,1224
Female,17,Tipperary County Council,1216
Female,17,Waterford City & County Council,862
Female,17,Galway City Council,416
Female,17,Galway County Council,1329
Female,17,Leitrim County Council,226
Female,17,Mayo  County Council,885
Female,17,Roscommon County Council,482
Female,17,Sligo County Council,452
Female,17,Cavan County Council,590
Female,17,Donegal County Council,1130
Female,17,Monaghan County Council,480
Female,18,Ireland,32852
Female,18,Carlow County Council,466
Female,18,Dublin City Council,3291
Female,18,Dún Laoghaire Rathdown County Council,1511
Female,18,Fingal County Council,2252
Female,18,South Dublin County Council,1949
Female,18,Kildare County Council,1708
Female,18,Kilkenny County Council,699
Female,18,Laois County Council,634
Female,18,Longford County Council,272
Female,18,Louth County Council,953
Female,18,Meath County Council,1496
Female,18,Offaly County Council,584
Female,18,Westmeath County Council,623
Female,18,Wexford County Council,1084
Female,18,Wicklow County Council,1015
Female,18,Clare County Council,830
Female,18,Cork City Council,1288
Female,18,Cork County Council,2343
Female,18,Kerry County Council,943
Female,18,Limerick City & County Council,1305
Female,18,Tipperary County Council,1046
Female,18,Waterford City & County Council,817
Female,18,Galway City Council,521
Female,18,Galway County Council,1214
Female,18,Leitrim County Council,220
Female,18,Mayo  County Council,876
Female,18,Roscommon County Council,412
Female,18,Sligo County Council,462
Female,18,Cavan County Council,533
Female,18,Donegal County Council,1110
Female,18,Monaghan County Council,395
Female,19,Ireland,31729
Female,19,Carlow County Council,381
Female,19,Dublin City Council,3676
Female,19,Dún Laoghaire Rathdown County Council,1659
Female,19,Fingal County Council,2191
Female,19,South Dublin County Council,1911
Female,19,Kildare County Council,1746
Female,19,Kilkenny County Council,563
Female,19,Laois County Council,537
Female,19,Longford County Council,276
Female,19,Louth County Council,876
Female,19,Meath County Council,1385
Female,19,Offaly County Council,473
Female,19,Westmeath County Council,532
Female,19,Wexford County Council,872
Female,19,Wicklow County Council,900
Female,19,Clare County Council,821
Female,19,Cork City Council,1731
Female,19,Cork County Council,1971
Female,19,Kerry County Council,798
Female,19,Limerick City & County Council,1422
Female,19,Tipperary County Council,846
Female,19,Waterford City & County Council,767
Female,19,Galway City Council,1006
Female,19,Galway County Council,1039
Female,19,Leitrim County Council,167
Female,19,Mayo  County Council,684
Female,19,Roscommon County Council,355
Female,19,Sligo County Council,503
Female,19,Cavan County Council,436
Female,19,Donegal County Council,883
Female,19,Monaghan County Council,322
Female,20,Ireland,31624
Female,20,Carlow County Council,366
Female,20,Dublin City Council,4326
Female,20,Dún Laoghaire Rathdown County Council,1742
Female,20,Fingal County Council,2073
Female,20,South Dublin County Council,1796
Female,20,Kildare County Council,1589
Female,20,Kilkenny County Council,529
Female,20,Laois County Council,510
Female,20,Longford County Council,246
Female,20,Louth County Council,880
Female,20,Meath County Council,1276
Female,20,Offaly County Council,487
Female,20,Westmeath County Council,543
Female,20,Wexford County Council,832
Female,20,Wicklow County Council,808
Female,20,Clare County Council,739
Female,20,Cork City Council,1889
Female,20,Cork County Council,1783
Female,20,Kerry County Council,823
Female,20,Limerick City & County Council,1504
Female,20,Tipperary County Council,853
Female,20,Waterford City & County Council,770
Female,20,Galway City Council,1142
Female,20,Galway County Council,974
Female,20,Leitrim County Council,159
Female,20,Mayo  County Council,658
Female,20,Roscommon County Council,321
Female,20,Sligo County Council,450
Female,20,Cavan County Council,388
Female,20,Donegal County Council,864
Female,20,Monaghan County Council,304
Female,21,Ireland,29890
Female,21,Carlow County Council,381
Female,21,Dublin City Council,4237
Female,21,Dún Laoghaire Rathdown County Council,1605
Female,21,Fingal County Council,1833
Female,21,South Dublin County Council,1783
Female,21,Kildare County Council,1463
Female,21,Kilkenny County Council,471
Female,21,Laois County Council,491
Female,21,Longford County Council,233
Female,21,Louth County Council,814
Female,21,Meath County Council,1216
Female,21,Offaly County Council,416
Female,21,Westmeath County Council,525
Female,21,Wexford County Council,781
Female,21,Wicklow County Council,744
Female,21,Clare County Council,697
Female,21,Cork City Council,1851
Female,21,Cork County Council,1700
Female,21,Kerry County Council,762
Female,21,Limerick City & County Council,1314
Female,21,Tipperary County Council,816
Female,21,Waterford City & County Council,709
Female,21,Galway City Council,1161
Female,21,Galway County Council,840
Female,21,Leitrim County Council,131
Female,21,Mayo  County Council,634
Female,21,Roscommon County Council,345
Female,21,Sligo County Council,409
Female,21,Cavan County Council,390
Female,21,Donegal County Council,821
Female,21,Monaghan County Council,317
Female,22,Ireland,30768
Female,22,Carlow County Council,361
Female,22,Dublin City Council,4719
Female,22,Dún Laoghaire Rathdown County Council,1635
Female,22,Fingal County Council,1844
Female,22,South Dublin County Council,1851
Female,22,Kildare County Council,1380
Female,22,Kilkenny County Council,438
Female,22,Laois County Council,477
Female,22,Longford County Council,257
Female,22,Louth County Council,866
Female,22,Meath County Council,1116
Female,22,Offaly County Council,413
Female,22,Westmeath County Council,568
Female,22,Wexford County Council,888
Female,22,Wicklow County Council,789
Female,22,Clare County Council,728
Female,22,Cork City Council,1835
Female,22,Cork County Council,1720
Female,22,Kerry County Council,766
Female,22,Limerick City & County Council,1473
Female,22,Tipperary County Council,873
Female,22,Waterford City & County Council,720
Female,22,Galway City Council,1069
Female,22,Galway County Council,848
Female,22,Leitrim County Council,152
Female,22,Mayo  County Council,670
Female,22,Roscommon County Council,318
Female,22,Sligo County Council,404
Female,22,Cavan County Council,414
Female,22,Donegal County Council,861
Female,22,Monaghan County Council,315
Female,23,Ireland,30051
Female,23,Carlow County Council,344
Female,23,Dublin City Council,5142
Female,23,Dún Laoghaire Rathdown County Council,1681
Female,23,Fingal County Council,1807
Female,23,South Dublin County Council,1884
Female,23,Kildare County Council,1391
Female,23,Kilkenny County Council,471
Female,23,Laois County Council,458
Female,23,Longford County Council,232
Female,23,Louth County Council,767
Female,23,Meath County Council,1063
Female,23,Offaly County Council,441
Female,23,Westmeath County Council,468
Female,23,Wexford County Council,868
Female,23,Wicklow County Council,724
Female,23,Clare County Council,649
Female,23,Cork City Council,1779
Female,23,Cork County Council,1603
Female,23,Kerry County Council,763
Female,23,Limerick City & County Council,1246
Female,23,Tipperary County Council,830
Female,23,Waterford City & County Council,722
Female,23,Galway City Council,927
Female,23,Galway County Council,819
Female,23,Leitrim County Council,152
Female,23,Mayo  County Council,623
Female,23,Roscommon County Council,307
Female,23,Sligo County Council,387
Female,23,Cavan County Council,439
Female,23,Donegal County Council,762
Female,23,Monaghan County Council,302
Female,24,Ireland,29364
Female,24,Carlow County Council,329
Female,24,Dublin City Council,5455
Female,24,Dún Laoghaire Rathdown County Council,1661
Female,24,Fingal County Council,1774
Female,24,South Dublin County Council,1795
Female,24,Kildare County Council,1335
Female,24,Kilkenny County Council,510
Female,24,Laois County Council,434
Female,24,Longford County Council,207
Female,24,Louth County Council,732
Female,24,Meath County Council,1083
Female,24,Offaly County Council,450
Female,24,Westmeath County Council,510
Female,24,Wexford County Council,758
Female,24,Wicklow County Council,683
Female,24,Clare County Council,606
Female,24,Cork City Council,1730
Female,24,Cork County Council,1559
Female,24,Kerry County Council,732
Female,24,Limerick City & County Council,1190
Female,24,Tipperary County Council,867
Female,24,Waterford City & County Council,638
Female,24,Galway City Council,872
Female,24,Galway County Council,752
Female,24,Leitrim County Council,125
Female,24,Mayo  County Council,515
Female,24,Roscommon County Council,276
Female,24,Sligo County Council,364
Female,24,Cavan County Council,398
Female,24,Donegal County Council,736
Female,24,Monaghan County Council,288
Female,25,Ireland,29294
Female,25,Carlow County Council,295
Female,25,Dublin City Council,5667
Female,25,Dún Laoghaire Rathdown County Council,1578
Female,25,Fingal County Council,1796
Female,25,South Dublin County Council,1873
Female,25,Kildare County Council,1307
Female,25,Kilkenny County Council,463
Female,25,Laois County Council,414
Female,25,Longford County Council,231
Female,25,Louth County Council,665
Female,25,Meath County Council,969
Female,25,Offaly County Council,430
Female,25,Westmeath County Council,524
Female,25,Wexford County Council,744
Female,25,Wicklow County Council,658
Female,25,Clare County Council,631
Female,25,Cork City Council,1733
Female,25,Cork County Council,1502
Female,25,Kerry County Council,725
Female,25,Limerick City & County Council,1280
Female,25,Tipperary County Council,778
Female,25,Waterford City & County Council,613
Female,25,Galway City Council,863
Female,25,Galway County Council,818
Female,25,Leitrim County Council,144
Female,25,Mayo  County Council,538
Female,25,Roscommon County Council,300
Female,25,Sligo County Council,351
Female,25,Cavan County Council,403
Female,25,Donegal County Council,719
Female,25,Monaghan County Council,282
Female,26,Ireland,28864
Female,26,Carlow County Council,333
Female,26,Dublin City Council,5932
Female,26,Dún Laoghaire Rathdown County Council,1528
Female,26,Fingal County Council,1740
Female,26,South Dublin County Council,1681
Female,26,Kildare County Council,1208
Female,26,Kilkenny County Council,494
Female,26,Laois County Council,433
Female,26,Longford County Council,237
Female,26,Louth County Council,663
Female,26,Meath County Council,999
Female,26,Offaly County Council,381
Female,26,Westmeath County Council,511
Female,26,Wexford County Council,777
Female,26,Wicklow County Council,713
Female,26,Clare County Council,593
Female,26,Cork City Council,1633
Female,26,Cork County Council,1562
Female,26,Kerry County Council,657
Female,26,Limerick City & County Council,1293
Female,26,Tipperary County Council,762
Female,26,Waterford City & County Council,623
Female,26,Galway City Council,751
Female,26,Galway County Council,707
Female,26,Leitrim County Council,126
Female,26,Mayo  County Council,549
Female,26,Roscommon County Council,264
Female,26,Sligo County Council,313
Female,26,Cavan County Council,375
Female,26,Donegal County Council,735
Female,26,Monaghan County Council,291
Female,27,Ireland,29528
Female,27,Carlow County Council,309
Female,27,Dublin City Council,5976
Female,27,Dún Laoghaire Rathdown County Council,1518
Female,27,Fingal County Council,1832
Female,27,South Dublin County Council,1793
Female,27,Kildare County Council,1291
Female,27,Kilkenny County Council,502
Female,27,Laois County Council,415
Female,27,Longford County Council,232
Female,27,Louth County Council,765
Female,27,Meath County Council,1045
Female,27,Offaly County Council,405
Female,27,Westmeath County Council,524
Female,27,Wexford County Council,839
Female,27,Wicklow County Council,718
Female,27,Clare County Council,587
Female,27,Cork City Council,1759
Female,27,Cork County Council,1519
Female,27,Kerry County Council,698
Female,27,Limerick City & County Council,1238
Female,27,Tipperary County Council,772
Female,27,Waterford City & County Council,665
Female,27,Galway City Council,705
Female,27,Galway County Council,733
Female,27,Leitrim County Council,138
Female,27,Mayo  County Council,559
Female,27,Roscommon County Council,293
Female,27,Sligo County Council,294
Female,27,Cavan County Council,370
Female,27,Donegal County Council,747
Female,27,Monaghan County Council,287
Female,28,Ireland,29788
Female,28,Carlow County Council,329
Female,28,Dublin City Council,6089
Female,28,Dún Laoghaire Rathdown County Council,1457
Female,28,Fingal County Council,1825
Female,28,South Dublin County Council,1805
Female,28,Kildare County Council,1332
Female,28,Kilkenny County Council,536
Female,28,Laois County Council,430
Female,28,Longford County Council,218
Female,28,Louth County Council,759
Female,28,Meath County Council,1075
Female,28,Offaly County Council,425
Female,28,Westmeath County Council,501
Female,28,Wexford County Council,797
Female,28,Wicklow County Council,736
Female,28,Clare County Council,607
Female,28,Cork City Council,1749
Female,28,Cork County Council,1552
Female,28,Kerry County Council,679
Female,28,Limerick City & County Council,1220
Female,28,Tipperary County Council,767
Female,28,Waterford City & County Council,655
Female,28,Galway City Council,754
Female,28,Galway County Council,770
Female,28,Leitrim County Council,148
Female,28,Mayo  County Council,582
Female,28,Roscommon County Council,283
Female,28,Sligo County Council,305
Female,28,Cavan County Council,363
Female,28,Donegal County Council,761
Female,28,Monaghan County Council,279
Female,29,Ireland,30936
Female,29,Carlow County Council,360
Female,29,Dublin City Council,6030
Female,29,Dún Laoghaire Rathdown County Council,1466
Female,29,Fingal County Council,1973
Female,29,South Dublin County Council,1850
Female,29,Kildare County Council,1386
Female,29,Kilkenny County Council,559
Female,29,Laois County Council,453
Female,29,Longford County Council,256
Female,29,Louth County Council,797
Female,29,Meath County Council,1078
Female,29,Offaly County Council,431
Female,29,Westmeath County Council,540
Female,29,Wexford County Council,869
Female,29,Wicklow County Council,803
Female,29,Clare County Council,583
Female,29,Cork City Council,1750
Female,29,Cork County Council,1639
Female,29,Kerry County Council,737
Female,29,Limerick City & County Council,1260
Female,29,Tipperary County Council,797
Female,29,Waterford City & County Council,698
Female,29,Galway City Council,731
Female,29,Galway County Council,865
Female,29,Leitrim County Council,145
Female,29,Mayo  County Council,658
Female,29,Roscommon County Council,315
Female,29,Sligo County Council,380
Female,29,Cavan County Council,401
Female,29,Donegal County Council,782
Female,29,Monaghan County Council,344
Female,30,Ireland,32841
Female,30,Carlow County Council,338
Female,30,Dublin City Council,6178
Female,30,Dún Laoghaire Rathdown County Council,1601
Female,30,Fingal County Council,2088
Female,30,South Dublin County Council,2002
Female,30,Kildare County Council,1488
Female,30,Kilkenny County Council,552
Female,30,Laois County Council,517
Female,30,Longford County Council,287
Female,30,Louth County Council,801
Female,30,Meath County Council,1256
Female,30,Offaly County Council,493
Female,30,Westmeath County Council,575
Female,30,Wexford County Council,940
Female,30,Wicklow County Council,837
Female,30,Clare County Council,627
Female,30,Cork City Council,1734
Female,30,Cork County Council,1873
Female,30,Kerry County Council,799
Female,30,Limerick City & County Council,1265
Female,30,Tipperary County Council,917
Female,30,Waterford City & County Council,715
Female,30,Galway City Council,725
Female,30,Galway County Council,990
Female,30,Leitrim County Council,172
Female,30,Mayo  County Council,696
Female,30,Roscommon County Council,360
Female,30,Sligo County Council,334
Female,30,Cavan County Council,425
Female,30,Donegal County Council,906
Female,30,Monaghan County Council,350
Female,31,Ireland,33710
Female,31,Carlow County Council,390
Female,31,Dublin City Council,6079
Female,31,Dún Laoghaire Rathdown County Council,1555
Female,31,Fingal County Council,2180
Female,31,South Dublin County Council,2065
Female,31,Kildare County Council,1594
Female,31,Kilkenny County Council,614
Female,31,Laois County Council,512
Female,31,Longford County Council,252
Female,31,Louth County Council,880
Female,31,Meath County Council,1331
Female,31,Offaly County Council,482
Female,31,Westmeath County Council,590
Female,31,Wexford County Council,914
Female,31,Wicklow County Council,890
Female,31,Clare County Council,708
Female,31,Cork City Council,1814
Female,31,Cork County Council,1970
Female,31,Kerry County Council,813
Female,31,Limerick City & County Council,1317
Female,31,Tipperary County Council,908
Female,31,Waterford City & County Council,749
Female,31,Galway City Council,705
Female,31,Galway County Council,972
Female,31,Leitrim County Council,211
Female,31,Mayo  County Council,737
Female,31,Roscommon County Council,385
Female,31,Sligo County Council,361
Female,31,Cavan County Council,457
Female,31,Donegal County Council,892
Female,31,Monaghan County Council,383
Female,32,Ireland,34382
Female,32,Carlow County Council,384
Female,32,Dublin City Council,5964
Female,32,Dún Laoghaire Rathdown County Council,1649
Female,32,Fingal County Council,2240
Female,32,South Dublin County Council,2161
Female,32,Kildare County Council,1551
Female,32,Kilkenny County Council,572
Female,32,Laois County Council,530
Female,32,Longford County Council,271
Female,32,Louth County Council,873
Female,32,Meath County Council,1427
Female,32,Offaly County Council,476
Female,32,Westmeath County Council,633
Female,32,Wexford County Council,976
Female,32,Wicklow County Council,875
Female,32,Clare County Council,688
Female,32,Cork City Council,1837
Female,32,Cork County Council,2050
Female,32,Kerry County Council,843
Female,32,Limerick City & County Council,1356
Female,32,Tipperary County Council,947
Female,32,Waterford City & County Council,779
Female,32,Galway City Council,699
Female,32,Galway County Council,1047
Female,32,Leitrim County Council,217
Female,32,Mayo  County Council,763
Female,32,Roscommon County Council,355
Female,32,Sligo County Council,381
Female,32,Cavan County Council,530
Female,32,Donegal County Council,936
Female,32,Monaghan County Council,372
Female,33,Ireland,34489
Female,33,Carlow County Council,384
Female,33,Dublin City Council,5700
Female,33,Dún Laoghaire Rathdown County Council,1581
Female,33,Fingal County Council,2439
Female,33,South Dublin County Council,2184
Female,33,Kildare County Council,1665
Female,33,Kilkenny County Council,568
Female,33,Laois County Council,583
Female,33,Longford County Council,288
Female,33,Louth County Council,922
Female,33,Meath County Council,1402
Female,33,Offaly County Council,490
Female,33,Westmeath County Council,607
Female,33,Wexford County Council,1009
Female,33,Wicklow County Council,943
Female,33,Clare County Council,695
Female,33,Cork City Council,1705
Female,33,Cork County Council,2023
Female,33,Kerry County Council,919
Female,33,Limerick City & County Council,1313
Female,33,Tipperary County Council,945
Female,33,Waterford City & County Council,776
Female,33,Galway City Council,628
Female,33,Galway County Council,1100
Female,33,Leitrim County Council,206
Female,33,Mayo  County Council,758
Female,33,Roscommon County Council,373
Female,33,Sligo County Council,432
Female,33,Cavan County Council,489
Female,33,Donegal County Council,961
Female,33,Monaghan County Council,401
Female,34,Ireland,36284
Female,34,Carlow County Council,414
Female,34,Dublin City Council,5545
Female,34,Dún Laoghaire Rathdown County Council,1556
Female,34,Fingal County Council,2599
Female,34,South Dublin County Council,2330
Female,34,Kildare County Council,1780
Female,34,Kilkenny County Council,636
Female,34,Laois County Council,631
Female,34,Longford County Council,337
Female,34,Louth County Council,941
Female,34,Meath County Council,1556
Female,34,Offaly County Council,532
Female,34,Westmeath County Council,663
Female,34,Wexford County Council,1058
Female,34,Wicklow County Council,981
Female,34,Clare County Council,741
Female,34,Cork City Council,1774
Female,34,Cork County Council,2216
Female,34,Kerry County Council,907
Female,34,Limerick City & County Council,1424
Female,34,Tipperary County Council,1024
Female,34,Waterford City & County Council,846
Female,34,Galway City Council,721
Female,34,Galway County Council,1177
Female,34,Leitrim County Council,217
Female,34,Mayo  County Council,856
Female,34,Roscommon County Council,399
Female,34,Sligo County Council,416
Female,34,Cavan County Council,513
Female,34,Donegal County Council,1077
Female,34,Monaghan County Council,417
Female,35,Ireland,37940
Female,35,Carlow County Council,446
Female,35,Dublin City Council,5444
Female,35,Dún Laoghaire Rathdown County Council,1548
Female,35,Fingal County Council,2691
Female,35,South Dublin County Council,2409
Female,35,Kildare County Council,1864
Female,35,Kilkenny County Council,741
Female,35,Laois County Council,698
Female,35,Longford County Council,317
Female,35,Louth County Council,1044
Female,35,Meath County Council,1652
Female,35,Offaly County Council,528
Female,35,Westmeath County Council,731
Female,35,Wexford County Council,1152
Female,35,Wicklow County Council,1060
Female,35,Clare County Council,787
Female,35,Cork City Council,1780
Female,35,Cork County Council,2430
Female,35,Kerry County Council,1002
Female,35,Limerick City & County Council,1468
Female,35,Tipperary County Council,1175
Female,35,Waterford City & County Council,938
Female,35,Galway City Council,667
Female,35,Galway County Council,1292
Female,35,Leitrim County Council,227
Female,35,Mayo  County Council,871
Female,35,Roscommon County Council,476
Female,35,Sligo County Council,441
Female,35,Cavan County Council,560
Female,35,Donegal County Council,1057
Female,35,Monaghan County Council,444
Female,36,Ireland,39030
Female,36,Carlow County Council,438
Female,36,Dublin City Council,5218
Female,36,Dún Laoghaire Rathdown County Council,1677
Female,36,Fingal County Council,2843
Female,36,South Dublin County Council,2539
Female,36,Kildare County Council,2015
Female,36,Kilkenny County Council,717
Female,36,Laois County Council,717
Female,36,Longford County Council,347
Female,36,Louth County Council,1034
Female,36,Meath County Council,1723
Female,36,Offaly County Council,581
Female,36,Westmeath County Council,780
Female,36,Wexford County Council,1122
Female,36,Wicklow County Council,1153
Female,36,Clare County Council,828
Female,36,Cork City Council,1760
Female,36,Cork County Council,2584
Female,36,Kerry County Council,1032
Female,36,Limerick City & County Council,1593
Female,36,Tipperary County Council,1135
Female,36,Waterford City & County Council,905
Female,36,Galway City Council,707
Female,36,Galway County Council,1301
Female,36,Leitrim County Council,240
Female,36,Mayo  County Council,909
Female,36,Roscommon County Council,459
Female,36,Sligo County Council,491
Female,36,Cavan County Council,602
Female,36,Donegal County Council,1107
Female,36,Monaghan County Council,473
Female,37,Ireland,39193
Female,37,Carlow County Council,457
Female,37,Dublin City Council,4902
Female,37,Dún Laoghaire Rathdown County Council,1694
Female,37,Fingal County Council,2808
Female,37,South Dublin County Council,2541
Female,37,Kildare County Council,2009
Female,37,Kilkenny County Council,708
Female,37,Laois County Council,737
Female,37,Longford County Council,345
Female,37,Louth County Council,1044
Female,37,Meath County Council,1731
Female,37,Offaly County Council,598
Female,37,Westmeath County Council,719
Female,37,Wexford County Council,1175
Female,37,Wicklow County Council,1191
Female,37,Clare County Council,923
Female,37,Cork City Council,1872
Female,37,Cork County Council,2611
Female,37,Kerry County Council,1122
Female,37,Limerick City & County Council,1555
Female,37,Tipperary County Council,1140
Female,37,Waterford City & County Council,889
Female,37,Galway City Council,657
Female,37,Galway County Council,1354
Female,37,Leitrim County Council,234
Female,37,Mayo  County Council,973
Female,37,Roscommon County Council,518
Female,37,Sligo County Council,515
Female,37,Cavan County Council,604
Female,37,Donegal County Council,1115
Female,37,Monaghan County Council,452
Female,38,Ireland,40902
Female,38,Carlow County Council,483
Female,38,Dublin City Council,5053
Female,38,Dún Laoghaire Rathdown County Council,1801
Female,38,Fingal County Council,2926
Female,38,South Dublin County Council,2511
Female,38,Kildare County Council,2114
Female,38,Kilkenny County Council,803
Female,38,Laois County Council,820
Female,38,Longford County Council,378
Female,38,Louth County Council,1127
Female,38,Meath County Council,1852
Female,38,Offaly County Council,611
Female,38,Westmeath County Council,794
Female,38,Wexford County Council,1239
Female,38,Wicklow County Council,1277
Female,38,Clare County Council,955
Female,38,Cork City Council,1737
Female,38,Cork County Council,2723
Female,38,Kerry County Council,1220
Female,38,Limerick City & County Council,1594
Female,38,Tipperary County Council,1194
Female,38,Waterford City & County Council,954
Female,38,Galway City Council,707
Female,38,Galway County Council,1485
Female,38,Leitrim County Council,252
Female,38,Mayo  County Council,963
Female,38,Roscommon County Council,513
Female,38,Sligo County Council,523
Female,38,Cavan County Council,684
Female,38,Donegal County Council,1119
Female,38,Monaghan County Council,490
Female,39,Ireland,42592
Female,39,Carlow County Council,553
Female,39,Dublin City Council,4939
Female,39,Dún Laoghaire Rathdown County Council,1878
Female,39,Fingal County Council,3147
Female,39,South Dublin County Council,2797
Female,39,Kildare County Council,2246
Female,39,Kilkenny County Council,832
Female,39,Laois County Council,839
Female,39,Longford County Council,388
Female,39,Louth County Council,1092
Female,39,Meath County Council,1858
Female,39,Offaly County Council,668
Female,39,Westmeath County Council,757
Female,39,Wexford County Council,1230
Female,39,Wicklow County Council,1336
Female,39,Clare County Council,945
Female,39,Cork City Council,1858
Female,39,Cork County Council,3007
Female,39,Kerry County Council,1229
Female,39,Limerick City & County Council,1690
Female,39,Tipperary County Council,1300
Female,39,Waterford City & County Council,977
Female,39,Galway City Council,747
Female,39,Galway County Council,1534
Female,39,Leitrim County Council,253
Female,39,Mayo  County Council,1033
Female,39,Roscommon County Council,509
Female,39,Sligo County Council,514
Female,39,Cavan County Council,656
Female,39,Donegal County Council,1237
Female,39,Monaghan County Council,543
Female,40,Ireland,43143
Female,40,Carlow County Council,487
Female,40,Dublin City Council,4809
Female,40,Dún Laoghaire Rathdown County Council,1910
Female,40,Fingal County Council,3131
Female,40,South Dublin County Council,2822
Female,40,Kildare County Council,2276
Female,40,Kilkenny County Council,776
Female,40,Laois County Council,814
Female,40,Longford County Council,409
Female,40,Louth County Council,1170
Female,40,Meath County Council,1927
Female,40,Offaly County Council,706
Female,40,Westmeath County Council,781
Female,40,Wexford County Council,1347
Female,40,Wicklow County Council,1400
Female,40,Clare County Council,999
Female,40,Cork City Council,1879
Female,40,Cork County Council,3058
Female,40,Kerry County Council,1239
Female,40,Limerick City & County Council,1657
Female,40,Tipperary County Council,1297
Female,40,Waterford City & County Council,978
Female,40,Galway City Council,687
Female,40,Galway County Council,1652
Female,40,Leitrim County Council,271
Female,40,Mayo  County Council,1126
Female,40,Roscommon County Council,556
Female,40,Sligo County Council,538
Female,40,Cavan County Council,630
Female,40,Donegal County Council,1293
Female,40,Monaghan County Council,518
Female,41,Ireland,43696
Female,41,Carlow County Council,537
Female,41,Dublin City Council,4926
Female,41,Dún Laoghaire Rathdown County Council,1944
Female,41,Fingal County Council,3200
Female,41,South Dublin County Council,2792
Female,41,Kildare County Council,2267
Female,41,Kilkenny County Council,883
Female,41,Laois County Council,830
Female,41,Longford County Council,367
Female,41,Louth County Council,1210
Female,41,Meath County Council,1968
Female,41,Offaly County Council,690
Female,41,Westmeath County Council,802
Female,41,Wexford County Council,1320
Female,41,Wicklow County Council,1385
Female,41,Clare County Council,1057
Female,41,Cork City Council,1834
Female,41,Cork County Council,3058
Female,41,Kerry County Council,1252
Female,41,Limerick City & County Council,1699
Female,41,Tipperary County Council,1333
Female,41,Waterford City & County Council,1039
Female,41,Galway City Council,680
Female,41,Galway County Council,1596
Female,41,Leitrim County Council,264
Female,41,Mayo  County Council,1119
Female,41,Roscommon County Council,554
Female,41,Sligo County Council,546
Female,41,Cavan County Council,702
Female,41,Donegal County Council,1319
Female,41,Monaghan County Council,523
Female,42,Ireland,43337
Female,42,Carlow County Council,517
Female,42,Dublin City Council,4621
Female,42,Dún Laoghaire Rathdown County Council,1878
Female,42,Fingal County Council,3281
Female,42,South Dublin County Council,2802
Female,42,Kildare County Council,2218
Female,42,Kilkenny County Council,824
Female,42,Laois County Council,822
Female,42,Longford County Council,438
Female,42,Louth County Council,1189
Female,42,Meath County Council,1996
Female,42,Offaly County Council,708
Female,42,Westmeath County Council,761
Female,42,Wexford County Council,1407
Female,42,Wicklow County Council,1438
Female,42,Clare County Council,1060
Female,42,Cork City Council,1688
Female,42,Cork County Council,3210
Female,42,Kerry County Council,1259
Female,42,Limerick City & County Council,1675
Female,42,Tipperary County Council,1327
Female,42,Waterford City & County Council,1072
Female,42,Galway City Council,723
Female,42,Galway County Council,1597
Female,42,Leitrim County Council,289
Female,42,Mayo  County Council,1014
Female,42,Roscommon County Council,541
Female,42,Sligo County Council,548
Female,42,Cavan County Council,656
Female,42,Donegal County Council,1288
Female,42,Monaghan County Council,490
Female,43,Ireland,41408
Female,43,Carlow County Council,463
Female,43,Dublin City Council,4393
Female,43,Dún Laoghaire Rathdown County Council,1812
Female,43,Fingal County Council,3065
Female,43,South Dublin County Council,2720
Female,43,Kildare County Council,2155
Female,43,Kilkenny County Council,813
Female,43,Laois County Council,733
Female,43,Longford County Council,360
Female,43,Louth County Council,1125
Female,43,Meath County Council,2000
Female,43,Offaly County Council,664
Female,43,Westmeath County Council,789
Female,43,Wexford County Council,1326
Female,43,Wicklow County Council,1308
Female,43,Clare County Council,989
Female,43,Cork City Council,1649
Female,43,Cork County Council,3056
Female,43,Kerry County Council,1242
Female,43,Limerick City & County Council,1609
Female,43,Tipperary County Council,1250
Female,43,Waterford City & County Council,975
Female,43,Galway City Council,621
Female,43,Galway County Council,1559
Female,43,Leitrim County Council,280
Female,43,Mayo  County Council,1000
Female,43,Roscommon County Council,535
Female,43,Sligo County Council,557
Female,43,Cavan County Council,611
Female,43,Donegal County Council,1241
Female,43,Monaghan County Council,508
Female,44,Ireland,39379
Female,44,Carlow County Council,459
Female,44,Dublin City Council,4160
Female,44,Dún Laoghaire Rathdown County Council,1680
Female,44,Fingal County Council,2976
Female,44,South Dublin County Council,2293
Female,44,Kildare County Council,2017
Female,44,Kilkenny County Council,797
Female,44,Laois County Council,755
Female,44,Longford County Council,340
Female,44,Louth County Council,1107
Female,44,Meath County Council,1866
Female,44,Offaly County Council,623
Female,44,Westmeath County Council,715
Female,44,Wexford County Council,1201
Female,44,Wicklow County Council,1291
Female,44,Clare County Council,987
Female,44,Cork City Council,1568
Female,44,Cork County Council,2889
Female,44,Kerry County Council,1170
Female,44,Limerick City & County Council,1551
Female,44,Tipperary County Council,1210
Female,44,Waterford City & County Council,1010
Female,44,Galway City Council,600
Female,44,Galway County Council,1578
Female,44,Leitrim County Council,254
Female,44,Mayo  County Council,956
Female,44,Roscommon County Council,503
Female,44,Sligo County Council,475
Female,44,Cavan County Council,630
Female,44,Donegal County Council,1245
Female,44,Monaghan County Council,473
Female,45,Ireland,38506
Female,45,Carlow County Council,498
Female,45,Dublin City Council,3898
Female,45,Dún Laoghaire Rathdown County Council,1609
Female,45,Fingal County Council,2862
Female,45,South Dublin County Council,2282
Female,45,Kildare County Council,2007
Female,45,Kilkenny County Council,781
Female,45,Laois County Council,701
Female,45,Longford County Council,391
Female,45,Louth County Council,1063
Female,45,Meath County Council,1805
Female,45,Offaly County Council,596
Female,45,Westmeath County Council,676
Female,45,Wexford County Council,1255
Female,45,Wicklow County Council,1223
Female,45,Clare County Council,940
Female,45,Cork City Council,1583
Female,45,Cork County Council,2853
Female,45,Kerry County Council,1117
Female,45,Limerick City & County Council,1493
Female,45,Tipperary County Council,1206
Female,45,Waterford City & County Council,998
Female,45,Galway City Council,631
Female,45,Galway County Council,1576
Female,45,Leitrim County Council,239
Female,45,Mayo  County Council,946
Female,45,Roscommon County Council,470
Female,45,Sligo County Council,508
Female,45,Cavan County Council,587
Female,45,Donegal County Council,1235
Female,45,Monaghan County Council,477
Female,46,Ireland,38127
Female,46,Carlow County Council,486
Female,46,Dublin City Council,3846
Female,46,Dún Laoghaire Rathdown County Council,1606
Female,46,Fingal County Council,2771
Female,46,South Dublin County Council,2301
Female,46,Kildare County Council,1989
Female,46,Kilkenny County Council,813
Female,46,Laois County Council,711
Female,46,Longford County Council,334
Female,46,Louth County Council,1062
Female,46,Meath County Council,1824
Female,46,Offaly County Council,603
Female,46,Westmeath County Council,661
Female,46,Wexford County Council,1152
Female,46,Wicklow County Council,1237
Female,46,Clare County Council,1050
Female,46,Cork City Council,1515
Female,46,Cork County Council,2841
Female,46,Kerry County Council,1184
Female,46,Limerick City & County Council,1482
Female,46,Tipperary County Council,1152
Female,46,Waterford City & County Council,921
Female,46,Galway City Council,633
Female,46,Galway County Council,1494
Female,46,Leitrim County Council,246
Female,46,Mayo  County Council,976
Female,46,Roscommon County Council,519
Female,46,Sligo County Council,506
Female,46,Cavan County Council,565
Female,46,Donegal County Council,1189
Female,46,Monaghan County Council,458
Female,47,Ireland,37471
Female,47,Carlow County Council,418
Female,47,Dublin City Council,3607
Female,47,Dún Laoghaire Rathdown County Council,1627
Female,47,Fingal County Council,2769
Female,47,South Dublin County Council,2142
Female,47,Kildare County Council,1924
Female,47,Kilkenny County Council,802
Female,47,Laois County Council,655
Female,47,Longford County Council,326
Female,47,Louth County Council,1045
Female,47,Meath County Council,1786
Female,47,Offaly County Council,602
Female,47,Westmeath County Council,742
Female,47,Wexford County Council,1219
Female,47,Wicklow County Council,1250
Female,47,Clare County Council,913
Female,47,Cork City Council,1468
Female,47,Cork County Council,2850
Female,47,Kerry County Council,1145
Female,47,Limerick City & County Council,1468
Female,47,Tipperary County Council,1242
Female,47,Waterford City & County Council,944
Female,47,Galway City Council,572
Female,47,Galway County Council,1484
Female,47,Leitrim County Council,249
Female,47,Mayo  County Council,945
Female,47,Roscommon County Council,502
Female,47,Sligo County Council,515
Female,47,Cavan County Council,570
Female,47,Donegal County Council,1203
Female,47,Monaghan County Council,487
Female,48,Ireland,37145
Female,48,Carlow County Council,430
Female,48,Dublin City Council,3737
Female,48,Dún Laoghaire Rathdown County Council,1623
Female,48,Fingal County Council,2696
Female,48,South Dublin County Council,2159
Female,48,Kildare County Council,1949
Female,48,Kilkenny County Council,765
Female,48,Laois County Council,703
Female,48,Longford County Council,319
Female,48,Louth County Council,1052
Female,48,Meath County Council,1734
Female,48,Offaly County Council,608
Female,48,Westmeath County Council,736
Female,48,Wexford County Council,1154
Female,48,Wicklow County Council,1225
Female,48,Clare County Council,962
Female,48,Cork City Council,1417
Female,48,Cork County Council,2756
Female,48,Kerry County Council,1090
Female,48,Limerick City & County Council,1448
Female,48,Tipperary County Council,1225
Female,48,Waterford City & County Council,913
Female,48,Galway City Council,555
Female,48,Galway County Council,1484
Female,48,Leitrim County Council,256
Female,48,Mayo  County Council,958
Female,48,Roscommon County Council,484
Female,48,Sligo County Council,479
Female,48,Cavan County Council,599
Female,48,Donegal County Council,1203
Female,48,Monaghan County Council,426
Female,49,Ireland,37081
Female,49,Carlow County Council,493
Female,49,Dublin City Council,3703
Female,49,Dún Laoghaire Rathdown County Council,1604
Female,49,Fingal County Council,2585
Female,49,South Dublin County Council,2123
Female,49,Kildare County Council,1993
Female,49,Kilkenny County Council,798
Female,49,Laois County Council,658
Female,49,Longford County Council,322
Female,49,Louth County Council,1059
Female,49,Meath County Council,1699
Female,49,Offaly County Council,573
Female,49,Westmeath County Council,657
Female,49,Wexford County Council,1229
Female,49,Wicklow County Council,1215
Female,49,Clare County Council,982
Female,49,Cork City Council,1376
Female,49,Cork County Council,2769
Female,49,Kerry County Council,1184
Female,49,Limerick City & County Council,1449
Female,49,Tipperary County Council,1263
Female,49,Waterford City & County Council,917
Female,49,Galway City Council,529
Female,49,Galway County Council,1504
Female,49,Leitrim County Council,254
Female,49,Mayo  County Council,967
Female,49,Roscommon County Council,455
Female,49,Sligo County Council,533
Female,49,Cavan County Council,538
Female,49,Donegal County Council,1210
Female,49,Monaghan County Council,440
Female,50,Ireland,36199
Female,50,Carlow County Council,454
Female,50,Dublin City Council,3721
Female,50,Dún Laoghaire Rathdown County Council,1607
Female,50,Fingal County Council,2470
Female,50,South Dublin County Council,1969
Female,50,Kildare County Council,1867
Female,50,Kilkenny County Council,777
Female,50,Laois County Council,647
Female,50,Longford County Council,312
Female,50,Louth County Council,1043
Female,50,Meath County Council,1710
Female,50,Offaly County Council,589
Female,50,Westmeath County Council,656
Female,50,Wexford County Council,1244
Female,50,Wicklow County Council,1179
Female,50,Clare County Council,1033
Female,50,Cork City Council,1470
Female,50,Cork County Council,2655
Female,50,Kerry County Council,1097
Female,50,Limerick City & County Council,1371
Female,50,Tipperary County Council,1174
Female,50,Waterford City & County Council,885
Female,50,Galway City Council,506
Female,50,Galway County Council,1434
Female,50,Leitrim County Council,240
Female,50,Mayo  County Council,922
Female,50,Roscommon County Council,502
Female,50,Sligo County Council,487
Female,50,Cavan County Council,556
Female,50,Donegal County Council,1204
Female,50,Monaghan County Council,418
Female,51,Ireland,35025
Female,51,Carlow County Council,436
Female,51,Dublin City Council,3584
Female,51,Dún Laoghaire Rathdown County Council,1513
Female,51,Fingal County Council,2314
Female,51,South Dublin County Council,1940
Female,51,Kildare County Council,1718
Female,51,Kilkenny County Council,738
Female,51,Laois County Council,634
Female,51,Longford County Council,330
Female,51,Louth County Council,1003
Female,51,Meath County Council,1595
Female,51,Offaly County Council,593
Female,51,Westmeath County Council,667
Female,51,Wexford County Council,1160
Female,51,Wicklow County Council,1165
Female,51,Clare County Council,911
Female,51,Cork City Council,1388
Female,51,Cork County Council,2582
Female,51,Kerry County Council,1075
Female,51,Limerick City & County Council,1390
Female,51,Tipperary County Council,1177
Female,51,Waterford City & County Council,909
Female,51,Galway City Council,499
Female,51,Galway County Council,1439
Female,51,Leitrim County Council,260
Female,51,Mayo  County Council,933
Female,51,Roscommon County Council,461
Female,51,Sligo County Council,440
Female,51,Cavan County Council,580
Female,51,Donegal County Council,1172
Female,51,Monaghan County Council,419
Female,52,Ireland,34414
Female,52,Carlow County Council,403
Female,52,Dublin City Council,3663
Female,52,Dún Laoghaire Rathdown County Council,1524
Female,52,Fingal County Council,2147
Female,52,South Dublin County Council,1843
Female,52,Kildare County Council,1676
Female,52,Kilkenny County Council,667
Female,52,Laois County Council,612
Female,52,Longford County Council,305
Female,52,Louth County Council,991
Female,52,Meath County Council,1510
Female,52,Offaly County Council,545
Female,52,Westmeath County Council,656
Female,52,Wexford County Council,1156
Female,52,Wicklow County Council,1150
Female,52,Clare County Council,976
Female,52,Cork City Council,1392
Female,52,Cork County Council,2516
Female,52,Kerry County Council,1158
Female,52,Limerick City & County Council,1381
Female,52,Tipperary County Council,1129
Female,52,Waterford City & County Council,871
Female,52,Galway City Council,452
Female,52,Galway County Council,1369
Female,52,Leitrim County Council,259
Female,52,Mayo  County Council,996
Female,52,Roscommon County Council,478
Female,52,Sligo County Council,479
Female,52,Cavan County Council,553
Female,52,Donegal County Council,1157
Female,52,Monaghan County Council,400
Female,53,Ireland,32204
Female,53,Carlow County Council,385
Female,53,Dublin City Council,3291
Female,53,Dún Laoghaire Rathdown County Council,1494
Female,53,Fingal County Council,2016
Female,53,South Dublin County Council,1730
Female,53,Kildare County Council,1606
Female,53,Kilkenny County Council,719
Female,53,Laois County Council,544
Female,53,Longford County Council,304
Female,53,Louth County Council,920
Female,53,Meath County Council,1415
Female,53,Offaly County Council,521
Female,53,Westmeath County Council,627
Female,53,Wexford County Council,1086
Female,53,Wicklow County Council,1031
Female,53,Clare County Council,870
Female,53,Cork City Council,1262
Female,53,Cork County Council,2381
Female,53,Kerry County Council,1068
Female,53,Limerick City & County Council,1206
Female,53,Tipperary County Council,1064
Female,53,Waterford City & County Council,815
Female,53,Galway City Council,479
Female,53,Galway County Council,1284
Female,53,Leitrim County Council,234
Female,53,Mayo  County Council,968
Female,53,Roscommon County Council,441
Female,53,Sligo County Council,424
Female,53,Cavan County Council,491
Female,53,Donegal County Council,1143
Female,53,Monaghan County Council,385
Female,54,Ireland,32168
Female,54,Carlow County Council,382
Female,54,Dublin City Council,3363
Female,54,Dún Laoghaire Rathdown County Council,1497
Female,54,Fingal County Council,1936
Female,54,South Dublin County Council,1685
Female,54,Kildare County Council,1552
Female,54,Kilkenny County Council,671
Female,54,Laois County Council,545
Female,54,Longford County Council,287
Female,54,Louth County Council,919
Female,54,Meath County Council,1399
Female,54,Offaly County Council,522
Female,54,Westmeath County Council,618
Female,54,Wexford County Council,1107
Female,54,Wicklow County Council,1003
Female,54,Clare County Council,920
Female,54,Cork City Council,1301
Female,54,Cork County Council,2383
Female,54,Kerry County Council,1053
Female,54,Limerick City & County Council,1253
Female,54,Tipperary County Council,1129
Female,54,Waterford City & County Council,805
Female,54,Galway City Council,453
Female,54,Galway County Council,1286
Female,54,Leitrim County Council,246
Female,54,Mayo  County Council,870
Female,54,Roscommon County Council,441
Female,54,Sligo County Council,448
Female,54,Cavan County Council,515
Female,54,Donegal County Council,1165
Female,54,Monaghan County Council,414
Female,55,Ireland,31563
Female,55,Carlow County Council,392
Female,55,Dublin City Council,3133
Female,55,Dún Laoghaire Rathdown County Council,1549
Female,55,Fingal County Council,1855
Female,55,South Dublin County Council,1632
Female,55,Kildare County Council,1529
Female,55,Kilkenny County Council,679
Female,55,Laois County Council,548
Female,55,Longford County Council,315
Female,55,Louth County Council,833
Female,55,Meath County Council,1335
Female,55,Offaly County Council,519
Female,55,Westmeath County Council,608
Female,55,Wexford County Council,1147
Female,55,Wicklow County Council,1033
Female,55,Clare County Council,891
Female,55,Cork City Council,1271
Female,55,Cork County Council,2229
Female,55,Kerry County Council,1045
Female,55,Limerick City & County Council,1210
Female,55,Tipperary County Council,1139
Female,55,Waterford City & County Council,814
Female,55,Galway City Council,471
Female,55,Galway County Council,1234
Female,55,Leitrim County Council,233
Female,55,Mayo  County Council,938
Female,55,Roscommon County Council,474
Female,55,Sligo County Council,461
Female,55,Cavan County Council,511
Female,55,Donegal County Council,1133
Female,55,Monaghan County Council,402
Female,56,Ireland,31279
Female,56,Carlow County Council,418
Female,56,Dublin City Council,3208
Female,56,Dún Laoghaire Rathdown County Council,1442
Female,56,Fingal County Council,1805
Female,56,South Dublin County Council,1548
Female,56,Kildare County Council,1483
Female,56,Kilkenny County Council,674
Female,56,Laois County Council,539
Female,56,Longford County Council,256
Female,56,Louth County Council,875
Female,56,Meath County Council,1267
Female,56,Offaly County Council,530
Female,56,Westmeath County Council,588
Female,56,Wexford County Council,1081
Female,56,Wicklow County Council,1017
Female,56,Clare County Council,911
Female,56,Cork City Council,1334
Female,56,Cork County Council,2345
Female,56,Kerry County Council,1096
Female,56,Limerick City & County Council,1218
Female,56,Tipperary County Council,1053
Female,56,Waterford City & County Council,821
Female,56,Galway City Council,445
Female,56,Galway County Council,1210
Female,56,Leitrim County Council,233
Female,56,Mayo  County Council,970
Female,56,Roscommon County Council,452
Female,56,Sligo County Council,473
Female,56,Cavan County Council,488
Female,56,Donegal County Council,1136
Female,56,Monaghan County Council,363
Female,57,Ireland,31764
Female,57,Carlow County Council,385
Female,57,Dublin City Council,3273
Female,57,Dún Laoghaire Rathdown County Council,1500
Female,57,Fingal County Council,1773
Female,57,South Dublin County Council,1755
Female,57,Kildare County Council,1470
Female,57,Kilkenny County Council,709
Female,57,Laois County Council,532
Female,57,Longford County Council,263
Female,57,Louth County Council,831
Female,57,Meath County Council,1291
Female,57,Offaly County Council,528
Female,57,Westmeath County Council,646
Female,57,Wexford County Council,1178
Female,57,Wicklow County Council,1073
Female,57,Clare County Council,824
Female,57,Cork City Council,1366
Female,57,Cork County Council,2305
Female,57,Kerry County Council,1085
Female,57,Limerick City & County Council,1295
Female,57,Tipperary County Council,1076
Female,57,Waterford City & County Council,844
Female,57,Galway City Council,444
Female,57,Galway County Council,1244
Female,57,Leitrim County Council,231
Female,57,Mayo  County Council,948
Female,57,Roscommon County Council,432
Female,57,Sligo County Council,448
Female,57,Cavan County Council,476
Female,57,Donegal County Council,1131
Female,57,Monaghan County Council,408
Female,58,Ireland,30660
Female,58,Carlow County Council,368
Female,58,Dublin City Council,3196
Female,58,Dún Laoghaire Rathdown County Council,1478
Female,58,Fingal County Council,1705
Female,58,South Dublin County Council,1644
Female,58,Kildare County Council,1407
Female,58,Kilkenny County Council,642
Female,58,Laois County Council,541
Female,58,Longford County Council,232
Female,58,Louth County Council,802
Female,58,Meath County Council,1242
Female,58,Offaly County Council,500
Female,58,Westmeath County Council,586
Female,58,Wexford County Council,1096
Female,58,Wicklow County Council,993
Female,58,Clare County Council,848
Female,58,Cork City Council,1369
Female,58,Cork County Council,2176
Female,58,Kerry County Council,1013
Female,58,Limerick City & County Council,1225
Female,58,Tipperary County Council,1114
Female,58,Waterford City & County Council,819
Female,58,Galway City Council,411
Female,58,Galway County Council,1193
Female,58,Leitrim County Council,241
Female,58,Mayo  County Council,932
Female,58,Roscommon County Council,462
Female,58,Sligo County Council,480
Female,58,Cavan County Council,496
Female,58,Donegal County Council,1055
Female,58,Monaghan County Council,394
Female,59,Ireland,30000
Female,59,Carlow County Council,360
Female,59,Dublin City Council,3205
Female,59,Dún Laoghaire Rathdown County Council,1499
Female,59,Fingal County Council,1669
Female,59,South Dublin County Council,1587
Female,59,Kildare County Council,1320
Female,59,Kilkenny County Council,672
Female,59,Laois County Council,466
Female,59,Longford County Council,272
Female,59,Louth County Council,808
Female,59,Meath County Council,1139
Female,59,Offaly County Council,467
Female,59,Westmeath County Council,574
Female,59,Wexford County Council,1067
Female,59,Wicklow County Council,970
Female,59,Clare County Council,823
Female,59,Cork City Council,1354
Female,59,Cork County Council,2109
Female,59,Kerry County Council,1023
Female,59,Limerick City & County Council,1223
Female,59,Tipperary County Council,1074
Female,59,Waterford City & County Council,818
Female,59,Galway City Council,424
Female,59,Galway County Council,1175
Female,59,Leitrim County Council,214
Female,59,Mayo  County Council,881
Female,59,Roscommon County Council,453
Female,59,Sligo County Council,454
Female,59,Cavan County Council,480
Female,59,Donegal County Council,1019
Female,59,Monaghan County Council,401
Female,60,Ireland,29063
Female,60,Carlow County Council,317
Female,60,Dublin City Council,3065
Female,60,Dún Laoghaire Rathdown County Council,1404
Female,60,Fingal County Council,1591
Female,60,South Dublin County Council,1547
Female,60,Kildare County Council,1235
Female,60,Kilkenny County Council,643
Female,60,Laois County Council,459
Female,60,Longford County Council,259
Female,60,Louth County Council,727
Female,60,Meath County Council,1121
Female,60,Offaly County Council,519
Female,60,Westmeath County Council,522
Female,60,Wexford County Council,1035
Female,60,Wicklow County Council,989
Female,60,Clare County Council,757
Female,60,Cork City Council,1327
Female,60,Cork County Council,1978
Female,60,Kerry County Council,1055
Female,60,Limerick City & County Council,1206
Female,60,Tipperary County Council,1055
Female,60,Waterford City & County Council,810
Female,60,Galway City Council,384
Female,60,Galway County Council,1111
Female,60,Leitrim County Council,188
Female,60,Mayo  County Council,927
Female,60,Roscommon County Council,461
Female,60,Sligo County Council,433
Female,60,Cavan County Council,468
Female,60,Donegal County Council,1092
Female,60,Monaghan County Council,378
Female,61,Ireland,28856
Female,61,Carlow County Council,350
Female,61,Dublin City Council,2975
Female,61,Dún Laoghaire Rathdown County Council,1344
Female,61,Fingal County Council,1600
Female,61,South Dublin County Council,1542
Female,61,Kildare County Council,1257
Female,61,Kilkenny County Council,661
Female,61,Laois County Council,509
Female,61,Longford County Council,261
Female,61,Louth County Council,788
Female,61,Meath County Council,1085
Female,61,Offaly County Council,483
Female,61,Westmeath County Council,548
Female,61,Wexford County Council,1085
Female,61,Wicklow County Council,918
Female,61,Clare County Council,737
Female,61,Cork City Council,1310
Female,61,Cork County Council,2073
Female,61,Kerry County Council,990
Female,61,Limerick City & County Council,1139
Female,61,Tipperary County Council,1030
Female,61,Waterford City & County Council,757
Female,61,Galway City Council,420
Female,61,Galway County Council,1175
Female,61,Leitrim County Council,214
Female,61,Mayo  County Council,859
Female,61,Roscommon County Council,437
Female,61,Sligo County Council,469
Female,61,Cavan County Council,461
Female,61,Donegal County Council,996
Female,61,Monaghan County Council,383
Female,62,Ireland,27899
Female,62,Carlow County Council,380
Female,62,Dublin City Council,2866
Female,62,Dún Laoghaire Rathdown County Council,1282
Female,62,Fingal County Council,1540
Female,62,South Dublin County Council,1559
Female,62,Kildare County Council,1156
Female,62,Kilkenny County Council,638
Female,62,Laois County Council,444
Female,62,Longford County Council,233
Female,62,Louth County Council,706
Female,62,Meath County Council,1065
Female,62,Offaly County Council,489
Female,62,Westmeath County Council,517
Female,62,Wexford County Council,974
Female,62,Wicklow County Council,873
Female,62,Clare County Council,738
Female,62,Cork City Council,1244
Female,62,Cork County Council,1916
Female,62,Kerry County Council,974
Female,62,Limerick City & County Council,1196
Female,62,Tipperary County Council,987
Female,62,Waterford City & County Council,735
Female,62,Galway City Council,406
Female,62,Galway County Council,1086
Female,62,Leitrim County Council,200
Female,62,Mayo  County Council,923
Female,62,Roscommon County Council,439
Female,62,Sligo County Council,508
Female,62,Cavan County Council,445
Female,62,Donegal County Council,1033
Female,62,Monaghan County Council,347
Female,63,Ireland,26312
Female,63,Carlow County Council,316
Female,63,Dublin City Council,2642
Female,63,Dún Laoghaire Rathdown County Council,1260
Female,63,Fingal County Council,1423
Female,63,South Dublin County Council,1452
Female,63,Kildare County Council,1121
Female,63,Kilkenny County Council,568
Female,63,Laois County Council,432
Female,63,Longford County Council,237
Female,63,Louth County Council,659
Female,63,Meath County Council,980
Female,63,Offaly County Council,443
Female,63,Westmeath County Council,486
Female,63,Wexford County Council,918
Female,63,Wicklow County Council,811
Female,63,Clare County Council,794
Female,63,Cork City Council,1167
Female,63,Cork County Council,1861
Female,63,Kerry County Council,989
Female,63,Limerick City & County Council,1046
Female,63,Tipperary County Council,930
Female,63,Waterford City & County Council,694
Female,63,Galway City Council,380
Female,63,Galway County Council,1056
Female,63,Leitrim County Council,211
Female,63,Mayo  County Council,872
Female,63,Roscommon County Council,415
Female,63,Sligo County Council,396
Female,63,Cavan County Council,406
Female,63,Donegal County Council,982
Female,63,Monaghan County Council,365
Female,64,Ireland,26109
Female,64,Carlow County Council,323
Female,64,Dublin City Council,2624
Female,64,Dún Laoghaire Rathdown County Council,1212
Female,64,Fingal County Council,1310
Female,64,South Dublin County Council,1445
Female,64,Kildare County Council,1084
Female,64,Kilkenny County Council,558
Female,64,Laois County Council,419
Female,64,Longford County Council,230
Female,64,Louth County Council,658
Female,64,Meath County Council,937
Female,64,Offaly County Council,405
Female,64,Westmeath County Council,498
Female,64,Wexford County Council,919
Female,64,Wicklow County Council,842
Female,64,Clare County Council,719
Female,64,Cork City Council,1147
Female,64,Cork County Council,1828
Female,64,Kerry County Council,1011
Female,64,Limerick City & County Council,1109
Female,64,Tipperary County Council,974
Female,64,Waterford City & County Council,692
Female,64,Galway City Council,373
Female,64,Galway County Council,1075
Female,64,Leitrim County Council,211
Female,64,Mayo  County Council,934
Female,64,Roscommon County Council,454
Female,64,Sligo County Council,438
Female,64,Cavan County Council,412
Female,64,Donegal County Council,916
Female,64,Monaghan County Council,352
Female,65,Ireland,25183
Female,65,Carlow County Council,306
Female,65,Dublin City Council,2545
Female,65,Dún Laoghaire Rathdown County Council,1226
Female,65,Fingal County Council,1309
Female,65,South Dublin County Council,1450
Female,65,Kildare County Council,1040
Female,65,Kilkenny County Council,543
Female,65,Laois County Council,419
Female,65,Longford County Council,261
Female,65,Louth County Council,678
Female,65,Meath County Council,916
Female,65,Offaly County Council,400
Female,65,Westmeath County Council,488
Female,65,Wexford County Council,841
Female,65,Wicklow County Council,784
Female,65,Clare County Council,650
Female,65,Cork City Council,1064
Female,65,Cork County Council,1718
Female,65,Kerry County Council,926
Female,65,Limerick City & County Council,1089
Female,65,Tipperary County Council,915
Female,65,Waterford City & County Council,641
Female,65,Galway City Council,383
Female,65,Galway County Council,1039
Female,65,Leitrim County Council,222
Female,65,Mayo  County Council,856
Female,65,Roscommon County Council,404
Female,65,Sligo County Council,433
Female,65,Cavan County Council,406
Female,65,Donegal County Council,881
Female,65,Monaghan County Council,350
Female,66,Ireland,24662
Female,66,Carlow County Council,286
Female,66,Dublin City Council,2490
Female,66,Dún Laoghaire Rathdown County Council,1166
Female,66,Fingal County Council,1300
Female,66,South Dublin County Council,1435
Female,66,Kildare County Council,1065
Female,66,Kilkenny County Council,492
Female,66,Laois County Council,389
Female,66,Longford County Council,220
Female,66,Louth County Council,605
Female,66,Meath County Council,872
Female,66,Offaly County Council,436
Female,66,Westmeath County Council,463
Female,66,Wexford County Council,844
Female,66,Wicklow County Council,794
Female,66,Clare County Council,704
Female,66,Cork City Council,1045
Female,66,Cork County Council,1762
Female,66,Kerry County Council,890
Female,66,Limerick City & County Council,1049
Female,66,Tipperary County Council,886
Female,66,Waterford City & County Council,652
Female,66,Galway City Council,341
Female,66,Galway County Council,1025
Female,66,Leitrim County Council,182
Female,66,Mayo  County Council,854
Female,66,Roscommon County Council,411
Female,66,Sligo County Council,406
Female,66,Cavan County Council,424
Female,66,Donegal County Council,881
Female,66,Monaghan County Council,293
Female,67,Ireland,24524
Female,67,Carlow County Council,291
Female,67,Dublin City Council,2399
Female,67,Dún Laoghaire Rathdown County Council,1158
Female,67,Fingal County Council,1237
Female,67,South Dublin County Council,1403
Female,67,Kildare County Council,1098
Female,67,Kilkenny County Council,524
Female,67,Laois County Council,380
Female,67,Longford County Council,213
Female,67,Louth County Council,606
Female,67,Meath County Council,946
Female,67,Offaly County Council,389
Female,67,Westmeath County Council,474
Female,67,Wexford County Council,847
Female,67,Wicklow County Council,778
Female,67,Clare County Council,689
Female,67,Cork City Council,952
Female,67,Cork County Council,1783
Female,67,Kerry County Council,944
Female,67,Limerick City & County Council,1043
Female,67,Tipperary County Council,896
Female,67,Waterford City & County Council,656
Female,67,Galway City Council,329
Female,67,Galway County Council,999
Female,67,Leitrim County Council,228
Female,67,Mayo  County Council,864
Female,67,Roscommon County Council,414
Female,67,Sligo County Council,386
Female,67,Cavan County Council,374
Female,67,Donegal County Council,911
Female,67,Monaghan County Council,313
Female,68,Ireland,23018
Female,68,Carlow County Council,274
Female,68,Dublin City Council,2139
Female,68,Dún Laoghaire Rathdown County Council,1112
Female,68,Fingal County Council,1213
Female,68,South Dublin County Council,1350
Female,68,Kildare County Council,952
Female,68,Kilkenny County Council,495
Female,68,Laois County Council,381
Female,68,Longford County Council,205
Female,68,Louth County Council,578
Female,68,Meath County Council,824
Female,68,Offaly County Council,399
Female,68,Westmeath County Council,438
Female,68,Wexford County Council,857
Female,68,Wicklow County Council,675
Female,68,Clare County Council,648
Female,68,Cork City Council,944
Female,68,Cork County Council,1691
Female,68,Kerry County Council,864
Female,68,Limerick City & County Council,931
Female,68,Tipperary County Council,823
Female,68,Waterford City & County Council,585
Female,68,Galway City Council,366
Female,68,Galway County Council,925
Female,68,Leitrim County Council,202
Female,68,Mayo  County Council,799
Female,68,Roscommon County Council,393
Female,68,Sligo County Council,409
Female,68,Cavan County Council,393
Female,68,Donegal County Council,844
Female,68,Monaghan County Council,309
Female,69,Ireland,23375
Female,69,Carlow County Council,311
Female,69,Dublin City Council,2244
Female,69,Dún Laoghaire Rathdown County Council,1100
Female,69,Fingal County Council,1193
Female,69,South Dublin County Council,1416
Female,69,Kildare County Council,983
Female,69,Kilkenny County Council,523
Female,69,Laois County Council,377
Female,69,Longford County Council,221
Female,69,Louth County Council,569
Female,69,Meath County Council,836
Female,69,Offaly County Council,354
Female,69,Westmeath County Council,448
Female,69,Wexford County Council,810
Female,69,Wicklow County Council,722
Female,69,Clare County Council,616
Female,69,Cork City Council,983
Female,69,Cork County Council,1724
Female,69,Kerry County Council,928
Female,69,Limerick City & County Council,1007
Female,69,Tipperary County Council,848
Female,69,Waterford City & County Council,616
Female,69,Galway City Council,354
Female,69,Galway County Council,941
Female,69,Leitrim County Council,202
Female,69,Mayo  County Council,771
Female,69,Roscommon County Council,352
Female,69,Sligo County Council,403
Female,69,Cavan County Council,364
Female,69,Donegal County Council,863
Female,69,Monaghan County Council,296
Female,70,Ireland,21897
Female,70,Carlow County Council,245
Female,70,Dublin City Council,2175
Female,70,Dún Laoghaire Rathdown County Council,1052
Female,70,Fingal County Council,1140
Female,70,South Dublin County Council,1327
Female,70,Kildare County Council,866
Female,70,Kilkenny County Council,491
Female,70,Laois County Council,369
Female,70,Longford County Council,189
Female,70,Louth County Council,544
Female,70,Meath County Council,766
Female,70,Offaly County Council,366
Female,70,Westmeath County Council,374
Female,70,Wexford County Council,740
Female,70,Wicklow County Council,676
Female,70,Clare County Council,626
Female,70,Cork City Council,901
Female,70,Cork County Council,1560
Female,70,Kerry County Council,811
Female,70,Limerick City & County Council,964
Female,70,Tipperary County Council,832
Female,70,Waterford City & County Council,578
Female,70,Galway City Council,291
Female,70,Galway County Council,900
Female,70,Leitrim County Council,179
Female,70,Mayo  County Council,771
Female,70,Roscommon County Council,361
Female,70,Sligo County Council,357
Female,70,Cavan County Council,330
Female,70,Donegal County Council,803
Female,70,Monaghan County Council,313
Female,71,Ireland,21236
Female,71,Carlow County Council,259
Female,71,Dublin City Council,2042
Female,71,Dún Laoghaire Rathdown County Council,1016
Female,71,Fingal County Council,1008
Female,71,South Dublin County Council,1307
Female,71,Kildare County Council,858
Female,71,Kilkenny County Council,426
Female,71,Laois County Council,305
Female,71,Longford County Council,191
Female,71,Louth County Council,542
Female,71,Meath County Council,792
Female,71,Offaly County Council,353
Female,71,Westmeath County Council,361
Female,71,Wexford County Council,717
Female,71,Wicklow County Council,640
Female,71,Clare County Council,595
Female,71,Cork City Council,909
Female,71,Cork County Council,1568
Female,71,Kerry County Council,814
Female,71,Limerick City & County Council,941
Female,71,Tipperary County Council,751
Female,71,Waterford City & County Council,553
Female,71,Galway City Council,302
Female,71,Galway County Council,907
Female,71,Leitrim County Council,173
Female,71,Mayo  County Council,777
Female,71,Roscommon County Council,321
Female,71,Sligo County Council,349
Female,71,Cavan County Council,340
Female,71,Donegal County Council,854
Female,71,Monaghan County Council,265
Female,72,Ireland,21159
Female,72,Carlow County Council,278
Female,72,Dublin City Council,2032
Female,72,Dún Laoghaire Rathdown County Council,1076
Female,72,Fingal County Council,1107
Female,72,South Dublin County Council,1251
Female,72,Kildare County Council,881
Female,72,Kilkenny County Council,449
Female,72,Laois County Council,296
Female,72,Longford County Council,217
Female,72,Louth County Council,527
Female,72,Meath County Council,735
Female,72,Offaly County Council,376
Female,72,Westmeath County Council,374
Female,72,Wexford County Council,751
Female,72,Wicklow County Council,678
Female,72,Clare County Council,636
Female,72,Cork City Council,874
Female,72,Cork County Council,1449
Female,72,Kerry County Council,787
Female,72,Limerick City & County Council,924
Female,72,Tipperary County Council,741
Female,72,Waterford City & County Council,571
Female,72,Galway City Council,297
Female,72,Galway County Council,821
Female,72,Leitrim County Council,175
Female,72,Mayo  County Council,762
Female,72,Roscommon County Council,378
Female,72,Sligo County Council,341
Female,72,Cavan County Council,326
Female,72,Donegal County Council,755
Female,72,Monaghan County Council,294
Female,73,Ireland,20134
Female,73,Carlow County Council,228
Female,73,Dublin City Council,2057
Female,73,Dún Laoghaire Rathdown County Council,970
Female,73,Fingal County Council,1053
Female,73,South Dublin County Council,1145
Female,73,Kildare County Council,811
Female,73,Kilkenny County Council,410
Female,73,Laois County Council,281
Female,73,Longford County Council,182
Female,73,Louth County Council,518
Female,73,Meath County Council,753
Female,73,Offaly County Council,332
Female,73,Westmeath County Council,356
Female,73,Wexford County Council,747
Female,73,Wicklow County Council,642
Female,73,Clare County Council,571
Female,73,Cork City Council,842
Female,73,Cork County Council,1491
Female,73,Kerry County Council,769
Female,73,Limerick City & County Council,829
Female,73,Tipperary County Council,755
Female,73,Waterford City & County Council,559
Female,73,Galway City Council,285
Female,73,Galway County Council,787
Female,73,Leitrim County Council,140
Female,73,Mayo  County Council,666
Female,73,Roscommon County Council,298
Female,73,Sligo County Council,322
Female,73,Cavan County Council,307
Female,73,Donegal County Council,767
Female,73,Monaghan County Council,261
Female,74,Ireland,19177
Female,74,Carlow County Council,229
Female,74,Dublin City Council,1922
Female,74,Dún Laoghaire Rathdown County Council,989
Female,74,Fingal County Council,967
Female,74,South Dublin County Council,1008
Female,74,Kildare County Council,766
Female,74,Kilkenny County Council,383
Female,74,Laois County Council,278
Female,74,Longford County Council,179
Female,74,Louth County Council,538
Female,74,Meath County Council,682
Female,74,Offaly County Council,309
Female,74,Westmeath County Council,373
Female,74,Wexford County Council,649
Female,74,Wicklow County Council,575
Female,74,Clare County Council,536
Female,74,Cork City Council,859
Female,74,Cork County Council,1357
Female,74,Kerry County Council,723
Female,74,Limerick City & County Council,873
Female,74,Tipperary County Council,759
Female,74,Waterford City & County Council,500
Female,74,Galway City Council,279
Female,74,Galway County Council,751
Female,74,Leitrim County Council,172
Female,74,Mayo  County Council,626
Female,74,Roscommon County Council,307
Female,74,Sligo County Council,329
Female,74,Cavan County Council,288
Female,74,Donegal County Council,715
Female,74,Monaghan County Council,256
Female,75,Ireland,18294
Female,75,Carlow County Council,197
Female,75,Dublin City Council,1789
Female,75,Dún Laoghaire Rathdown County Council,1043
Female,75,Fingal County Council,939
Female,75,South Dublin County Council,978
Female,75,Kildare County Council,721
Female,75,Kilkenny County Council,377
Female,75,Laois County Council,304
Female,75,Longford County Council,180
Female,75,Louth County Council,476
Female,75,Meath County Council,629
Female,75,Offaly County Council,317
Female,75,Westmeath County Council,344
Female,75,Wexford County Council,636
Female,75,Wicklow County Council,538
Female,75,Clare County Council,551
Female,75,Cork City Council,766
Female,75,Cork County Council,1303
Female,75,Kerry County Council,713
Female,75,Limerick City & County Council,810
Female,75,Tipperary County Council,671
Female,75,Waterford City & County Council,513
Female,75,Galway City Council,255
Female,75,Galway County Council,712
Female,75,Leitrim County Council,133
Female,75,Mayo  County Council,588
Female,75,Roscommon County Council,289
Female,75,Sligo County Council,313
Female,75,Cavan County Council,295
Female,75,Donegal County Council,675
Female,75,Monaghan County Council,239
Female,76,Ireland,17665
Female,76,Carlow County Council,211
Female,76,Dublin City Council,1719
Female,76,Dún Laoghaire Rathdown County Council,946
Female,76,Fingal County Council,879
Female,76,South Dublin County Council,908
Female,76,Kildare County Council,592
Female,76,Kilkenny County Council,410
Female,76,Laois County Council,288
Female,76,Longford County Council,187
Female,76,Louth County Council,506
Female,76,Meath County Council,621
Female,76,Offaly County Council,290
Female,76,Westmeath County Council,300
Female,76,Wexford County Council,625
Female,76,Wicklow County Council,552
Female,76,Clare County Council,498
Female,76,Cork City Council,786
Female,76,Cork County Council,1297
Female,76,Kerry County Council,665
Female,76,Limerick City & County Council,770
Female,76,Tipperary County Council,674
Female,76,Waterford City & County Council,511
Female,76,Galway City Council,276
Female,76,Galway County Council,664
Female,76,Leitrim County Council,139
Female,76,Mayo  County Council,573
Female,76,Roscommon County Council,295
Female,76,Sligo County Council,292
Female,76,Cavan County Council,260
Female,76,Donegal County Council,681
Female,76,Monaghan County Council,250
Female,77,Ireland,15971
Female,77,Carlow County Council,188
Female,77,Dublin City Council,1633
Female,77,Dún Laoghaire Rathdown County Council,888
Female,77,Fingal County Council,783
Female,77,South Dublin County Council,792
Female,77,Kildare County Council,601
Female,77,Kilkenny County Council,337
Female,77,Laois County Council,217
Female,77,Longford County Council,160
Female,77,Louth County Council,430
Female,77,Meath County Council,543
Female,77,Offaly County Council,248
Female,77,Westmeath County Council,308
Female,77,Wexford County Council,567
Female,77,Wicklow County Council,501
Female,77,Clare County Council,452
Female,77,Cork City Council,729
Female,77,Cork County Council,1189
Female,77,Kerry County Council,596
Female,77,Limerick City & County Council,715
Female,77,Tipperary County Council,630
Female,77,Waterford City & County Council,422
Female,77,Galway City Council,246
Female,77,Galway County Council,601
Female,77,Leitrim County Council,123
Female,77,Mayo  County Council,532
Female,77,Roscommon County Council,229
Female,77,Sligo County Council,277
Female,77,Cavan County Council,258
Female,77,Donegal County Council,585
Female,77,Monaghan County Council,191
Female,78,Ireland,14666
Female,78,Carlow County Council,156
Female,78,Dublin City Council,1581
Female,78,Dún Laoghaire Rathdown County Council,867
Female,78,Fingal County Council,676
Female,78,South Dublin County Council,782
Female,78,Kildare County Council,534
Female,78,Kilkenny County Council,307
Female,78,Laois County Council,225
Female,78,Longford County Council,121
Female,78,Louth County Council,408
Female,78,Meath County Council,506
Female,78,Offaly County Council,231
Female,78,Westmeath County Council,271
Female,78,Wexford County Council,547
Female,78,Wicklow County Council,498
Female,78,Clare County Council,377
Female,78,Cork City Council,667
Female,78,Cork County Council,994
Female,78,Kerry County Council,557
Female,78,Limerick City & County Council,633
Female,78,Tipperary County Council,523
Female,78,Waterford City & County Council,411
Female,78,Galway City Council,222
Female,78,Galway County Council,558
Female,78,Leitrim County Council,122
Female,78,Mayo  County Council,469
Female,78,Roscommon County Council,231
Female,78,Sligo County Council,234
Female,78,Cavan County Council,217
Female,78,Donegal County Council,562
Female,78,Monaghan County Council,179
Female,79,Ireland,13938
Female,79,Carlow County Council,171
Female,79,Dublin City Council,1554
Female,79,Dún Laoghaire Rathdown County Council,793
Female,79,Fingal County Council,692
Female,79,South Dublin County Council,670
Female,79,Kildare County Council,512
Female,79,Kilkenny County Council,327
Female,79,Laois County Council,212
Female,79,Longford County Council,126
Female,79,Louth County Council,374
Female,79,Meath County Council,473
Female,79,Offaly County Council,229
Female,79,Westmeath County Council,272
Female,79,Wexford County Council,467
Female,79,Wicklow County Council,420
Female,79,Clare County Council,379
Female,79,Cork City Council,665
Female,79,Cork County Council,982
Female,79,Kerry County Council,517
Female,79,Limerick City & County Council,650
Female,79,Tipperary County Council,524
Female,79,Waterford City & County Council,350
Female,79,Galway City Council,208
Female,79,Galway County Council,527
Female,79,Leitrim County Council,112
Female,79,Mayo  County Council,456
Female,79,Roscommon County Council,203
Female,79,Sligo County Council,235
Female,79,Cavan County Council,191
Female,79,Donegal County Council,489
Female,79,Monaghan County Council,158
Female,80,Ireland,12173
Female,80,Carlow County Council,163
Female,80,Dublin City Council,1374
Female,80,Dún Laoghaire Rathdown County Council,819
Female,80,Fingal County Council,533
Female,80,South Dublin County Council,550
Female,80,Kildare County Council,405
Female,80,Kilkenny County Council,265
Female,80,Laois County Council,186
Female,80,Longford County Council,115
Female,80,Louth County Council,300
Female,80,Meath County Council,430
Female,80,Offaly County Council,202
Female,80,Westmeath County Council,195
Female,80,Wexford County Council,398
Female,80,Wicklow County Council,372
Female,80,Clare County Council,299
Female,80,Cork City Council,587
Female,80,Cork County Council,879
Female,80,Kerry County Council,446
Female,80,Limerick City & County Council,570
Female,80,Tipperary County Council,421
Female,80,Waterford City & County Council,335
Female,80,Galway City Council,226
Female,80,Galway County Council,499
Female,80,Leitrim County Council,77
Female,80,Mayo  County Council,392
Female,80,Roscommon County Council,191
Female,80,Sligo County Council,203
Female,80,Cavan County Council,157
Female,80,Donegal County Council,446
Female,80,Monaghan County Council,138
Female,81,Ireland,11191
Female,81,Carlow County Council,148
Female,81,Dublin City Council,1332
Female,81,Dún Laoghaire Rathdown County Council,712
Female,81,Fingal County Council,499
Female,81,South Dublin County Council,558
Female,81,Kildare County Council,372
Female,81,Kilkenny County Council,234
Female,81,Laois County Council,158
Female,81,Longford County Council,87
Female,81,Louth County Council,325
Female,81,Meath County Council,348
Female,81,Offaly County Council,163
Female,81,Westmeath County Council,193
Female,81,Wexford County Council,396
Female,81,Wicklow County Council,330
Female,81,Clare County Council,312
Female,81,Cork City Council,522
Female,81,Cork County Council,773
Female,81,Kerry County Council,388
Female,81,Limerick City & County Council,467
Female,81,Tipperary County Council,420
Female,81,Waterford City & County Council,309
Female,81,Galway City Council,145
Female,81,Galway County Council,424
Female,81,Leitrim County Council,80
Female,81,Mayo  County Council,391
Female,81,Roscommon County Council,184
Female,81,Sligo County Council,177
Female,81,Cavan County Council,152
Female,81,Donegal County Council,441
Female,81,Monaghan County Council,151
Female,82,Ireland,10759
Female,82,Carlow County Council,131
Female,82,Dublin City Council,1368
Female,82,Dún Laoghaire Rathdown County Council,666
Female,82,Fingal County Council,438
Female,82,South Dublin County Council,491
Female,82,Kildare County Council,362
Female,82,Kilkenny County Council,225
Female,82,Laois County Council,148
Female,82,Longford County Council,84
Female,82,Louth County Council,289
Female,82,Meath County Council,324
Female,82,Offaly County Council,160
Female,82,Westmeath County Council,187
Female,82,Wexford County Council,358
Female,82,Wicklow County Council,333
Female,82,Clare County Council,287
Female,82,Cork City Council,570
Female,82,Cork County Council,757
Female,82,Kerry County Council,418
Female,82,Limerick City & County Council,466
Female,82,Tipperary County Council,416
Female,82,Waterford City & County Council,256
Female,82,Galway City Council,179
Female,82,Galway County Council,409
Female,82,Leitrim County Council,81
Female,82,Mayo  County Council,352
Female,82,Roscommon County Council,175
Female,82,Sligo County Council,160
Female,82,Cavan County Council,146
Female,82,Donegal County Council,379
Female,82,Monaghan County Council,144
Female,83,Ireland,9985
Female,83,Carlow County Council,102
Female,83,Dublin City Council,1242
Female,83,Dún Laoghaire Rathdown County Council,679
Female,83,Fingal County Council,395
Female,83,South Dublin County Council,455
Female,83,Kildare County Council,332
Female,83,Kilkenny County Council,214
Female,83,Laois County Council,136
Female,83,Longford County Council,75
Female,83,Louth County Council,246
Female,83,Meath County Council,303
Female,83,Offaly County Council,179
Female,83,Westmeath County Council,200
Female,83,Wexford County Council,355
Female,83,Wicklow County Council,282
Female,83,Clare County Council,254
Female,83,Cork City Council,512
Female,83,Cork County Council,651
Female,83,Kerry County Council,345
Female,83,Limerick City & County Council,407
Female,83,Tipperary County Council,374
Female,83,Waterford City & County Council,268
Female,83,Galway City Council,160
Female,83,Galway County Council,405
Female,83,Leitrim County Council,90
Female,83,Mayo  County Council,346
Female,83,Roscommon County Council,167
Female,83,Sligo County Council,165
Female,83,Cavan County Council,144
Female,83,Donegal County Council,367
Female,83,Monaghan County Council,135
Female,84,Ireland,8890
Female,84,Carlow County Council,111
Female,84,Dublin City Council,1177
Female,84,Dún Laoghaire Rathdown County Council,582
Female,84,Fingal County Council,365
Female,84,South Dublin County Council,421
Female,84,Kildare County Council,246
Female,84,Kilkenny County Council,188
Female,84,Laois County Council,99
Female,84,Longford County Council,74
Female,84,Louth County Council,222
Female,84,Meath County Council,256
Female,84,Offaly County Council,146
Female,84,Westmeath County Council,159
Female,84,Wexford County Council,299
Female,84,Wicklow County Council,240
Female,84,Clare County Council,207
Female,84,Cork City Council,441
Female,84,Cork County Council,598
Female,84,Kerry County Council,331
Female,84,Limerick City & County Council,409
Female,84,Tipperary County Council,339
Female,84,Waterford City & County Council,262
Female,84,Galway City Council,148
Female,84,Galway County Council,306
Female,84,Leitrim County Council,87
Female,84,Mayo  County Council,311
Female,84,Roscommon County Council,130
Female,84,Sligo County Council,127
Female,84,Cavan County Council,145
Female,84,Donegal County Council,351
Female,84,Monaghan County Council,113
Female,85,Ireland,8303
Female,85,Carlow County Council,77
Female,85,Dublin City Council,1109
Female,85,Dún Laoghaire Rathdown County Council,570
Female,85,Fingal County Council,300
Female,85,South Dublin County Council,394
Female,85,Kildare County Council,269
Female,85,Kilkenny County Council,183
Female,85,Laois County Council,114
Female,85,Longford County Council,78
Female,85,Louth County Council,209
Female,85,Meath County Council,238
Female,85,Offaly County Council,168
Female,85,Westmeath County Council,144
Female,85,Wexford County Council,287
Female,85,Wicklow County Council,239
Female,85,Clare County Council,202
Female,85,Cork City Council,401
Female,85,Cork County Council,593
Female,85,Kerry County Council,255
Female,85,Limerick City & County Council,338
Female,85,Tipperary County Council,308
Female,85,Waterford City & County Council,213
Female,85,Galway City Council,130
Female,85,Galway County Council,303
Female,85,Leitrim County Council,55
Female,85,Mayo  County Council,304
Female,85,Roscommon County Council,126
Female,85,Sligo County Council,146
Female,85,Cavan County Council,137
Female,85,Donegal County Council,317
Female,85,Monaghan County Council,96
Female,86,Ireland,7501
Female,86,Carlow County Council,86
Female,86,Dublin City Council,988
Female,86,Dún Laoghaire Rathdown County Council,482
Female,86,Fingal County Council,293
Female,86,South Dublin County Council,304
Female,86,Kildare County Council,218
Female,86,Kilkenny County Council,189
Female,86,Laois County Council,95
Female,86,Longford County Council,79
Female,86,Louth County Council,192
Female,86,Meath County Council,216
Female,86,Offaly County Council,131
Female,86,Westmeath County Council,131
Female,86,Wexford County Council,260
Female,86,Wicklow County Council,211
Female,86,Clare County Council,197
Female,86,Cork City Council,378
Female,86,Cork County Council,511
Female,86,Kerry County Council,260
Female,86,Limerick City & County Council,321
Female,86,Tipperary County Council,293
Female,86,Waterford City & County Council,186
Female,86,Galway City Council,110
Female,86,Galway County Council,317
Female,86,Leitrim County Council,54
Female,86,Mayo  County Council,247
Female,86,Roscommon County Council,129
Female,86,Sligo County Council,130
Female,86,Cavan County Council,128
Female,86,Donegal County Council,266
Female,86,Monaghan County Council,99
Female,87,Ireland,6766
Female,87,Carlow County Council,62
Female,87,Dublin City Council,908
Female,87,Dún Laoghaire Rathdown County Council,448
Female,87,Fingal County Council,249
Female,87,South Dublin County Council,271
Female,87,Kildare County Council,201
Female,87,Kilkenny County Council,171
Female,87,Laois County Council,93
Female,87,Longford County Council,65
Female,87,Louth County Council,176
Female,87,Meath County Council,237
Female,87,Offaly County Council,100
Female,87,Westmeath County Council,129
Female,87,Wexford County Council,226
Female,87,Wicklow County Council,175
Female,87,Clare County Council,170
Female,87,Cork City Council,309
Female,87,Cork County Council,468
Female,87,Kerry County Council,260
Female,87,Limerick City & County Council,260
Female,87,Tipperary County Council,269
Female,87,Waterford City & County Council,198
Female,87,Galway City Council,91
Female,87,Galway County Council,244
Female,87,Leitrim County Council,55
Female,87,Mayo  County Council,238
Female,87,Roscommon County Council,134
Female,87,Sligo County Council,103
Female,87,Cavan County Council,107
Female,87,Donegal County Council,256
Female,87,Monaghan County Council,93
Female,88,Ireland,5927
Female,88,Carlow County Council,68
Female,88,Dublin City Council,886
Female,88,Dún Laoghaire Rathdown County Council,412
Female,88,Fingal County Council,219
Female,88,South Dublin County Council,241
Female,88,Kildare County Council,164
Female,88,Kilkenny County Council,126
Female,88,Laois County Council,85
Female,88,Longford County Council,49
Female,88,Louth County Council,143
Female,88,Meath County Council,171
Female,88,Offaly County Council,106
Female,88,Westmeath County Council,98
Female,88,Wexford County Council,170
Female,88,Wicklow County Council,147
Female,88,Clare County Council,144
Female,88,Cork City Council,291
Female,88,Cork County Council,427
Female,88,Kerry County Council,183
Female,88,Limerick City & County Council,209
Female,88,Tipperary County Council,219
Female,88,Waterford City & County Council,158
Female,88,Galway City Council,75
Female,88,Galway County Council,257
Female,88,Leitrim County Council,46
Female,88,Mayo  County Council,239
Female,88,Roscommon County Council,102
Female,88,Sligo County Council,100
Female,88,Cavan County Council,105
Female,88,Donegal County Council,208
Female,88,Monaghan County Council,79
Female,89,Ireland,4961
Female,89,Carlow County Council,54
Female,89,Dublin City Council,712
Female,89,Dún Laoghaire Rathdown County Council,331
Female,89,Fingal County Council,192
Female,89,South Dublin County Council,188
Female,89,Kildare County Council,160
Female,89,Kilkenny County Council,115
Female,89,Laois County Council,64
Female,89,Longford County Council,42
Female,89,Louth County Council,116
Female,89,Meath County Council,143
Female,89,Offaly County Council,62
Female,89,Westmeath County Council,78
Female,89,Wexford County Council,159
Female,89,Wicklow County Council,133
Female,89,Clare County Council,132
Female,89,Cork City Council,232
Female,89,Cork County Council,340
Female,89,Kerry County Council,182
Female,89,Limerick City & County Council,202
Female,89,Tipperary County Council,191
Female,89,Waterford City & County Council,149
Female,89,Galway City Council,54
Female,89,Galway County Council,223
Female,89,Leitrim County Council,39
Female,89,Mayo  County Council,157
Female,89,Roscommon County Council,100
Female,89,Sligo County Council,87
Female,89,Cavan County Council,79
Female,89,Donegal County Council,172
Female,89,Monaghan County Council,73
Female,90,Ireland,4285
Female,90,Carlow County Council,48
Female,90,Dublin City Council,614
Female,90,Dún Laoghaire Rathdown County Council,312
Female,90,Fingal County Council,171
Female,90,South Dublin County Council,168
Female,90,Kildare County Council,124
Female,90,Kilkenny County Council,82
Female,90,Laois County Council,44
Female,90,Longford County Council,39
Female,90,Louth County Council,92
Female,90,Meath County Council,136
Female,90,Offaly County Council,63
Female,90,Westmeath County Council,84
Female,90,Wexford County Council,139
Female,90,Wicklow County Council,113
Female,90,Clare County Council,106
Female,90,Cork City Council,222
Female,90,Cork County Council,282
Female,90,Kerry County Council,147
Female,90,Limerick City & County Council,155
Female,90,Tipperary County Council,181
Female,90,Waterford City & County Council,126
Female,90,Galway City Council,54
Female,90,Galway County Council,178
Female,90,Leitrim County Council,33
Female,90,Mayo  County Council,157
Female,90,Roscommon County Council,88
Female,90,Sligo County Council,60
Female,90,Cavan County Council,57
Female,90,Donegal County Council,154
Female,90,Monaghan County Council,56
Female,91,Ireland,3781
Female,91,Carlow County Council,45
Female,91,Dublin City Council,534
Female,91,Dún Laoghaire Rathdown County Council,251
Female,91,Fingal County Council,153
Female,91,South Dublin County Council,119
Female,91,Kildare County Council,102
Female,91,Kilkenny County Council,93
Female,91,Laois County Council,49
Female,91,Longford County Council,32
Female,91,Louth County Council,95
Female,91,Meath County Council,88
Female,91,Offaly County Council,48
Female,91,Westmeath County Council,73
Female,91,Wexford County Council,115
Female,91,Wicklow County Council,103
Female,91,Clare County Council,89
Female,91,Cork City Council,177
Female,91,Cork County Council,282
Female,91,Kerry County Council,133
Female,91,Limerick City & County Council,152
Female,91,Tipperary County Council,150
Female,91,Waterford City & County Council,108
Female,91,Galway City Council,68
Female,91,Galway County Council,180
Female,91,Leitrim County Council,36
Female,91,Mayo  County Council,149
Female,91,Roscommon County Council,56
Female,91,Sligo County Council,56
Female,91,Cavan County Council,62
Female,91,Donegal County Council,136
Female,91,Monaghan County Council,47
Female,92,Ireland,2809
Female,92,Carlow County Council,24
Female,92,Dublin City Council,455
Female,92,Dún Laoghaire Rathdown County Council,194
Female,92,Fingal County Council,106
Female,92,South Dublin County Council,96
Female,92,Kildare County Council,70
Female,92,Kilkenny County Council,58
Female,92,Laois County Council,48
Female,92,Longford County Council,19
Female,92,Louth County Council,66
Female,92,Meath County Council,84
Female,92,Offaly County Council,32
Female,92,Westmeath County Council,44
Female,92,Wexford County Council,80
Female,92,Wicklow County Council,81
Female,92,Clare County Council,71
Female,92,Cork City Council,117
Female,92,Cork County Council,211
Female,92,Kerry County Council,88
Female,92,Limerick City & County Council,103
Female,92,Tipperary County Council,102
Female,92,Waterford City & County Council,87
Female,92,Galway City Council,45
Female,92,Galway County Council,131
Female,92,Leitrim County Council,30
Female,92,Mayo  County Council,85
Female,92,Roscommon County Council,54
Female,92,Sligo County Council,38
Female,92,Cavan County Council,52
Female,92,Donegal County Council,94
Female,92,Monaghan County Council,44
Female,93,Ireland,2320
Female,93,Carlow County Council,22
Female,93,Dublin City Council,322
Female,93,Dún Laoghaire Rathdown County Council,162
Female,93,Fingal County Council,80
Female,93,South Dublin County Council,84
Female,93,Kildare County Council,81
Female,93,Kilkenny County Council,45
Female,93,Laois County Council,21
Female,93,Longford County Council,30
Female,93,Louth County Council,63
Female,93,Meath County Council,54
Female,93,Offaly County Council,39
Female,93,Westmeath County Council,44
Female,93,Wexford County Council,76
Female,93,Wicklow County Council,62
Female,93,Clare County Council,58
Female,93,Cork City Council,111
Female,93,Cork County Council,172
Female,93,Kerry County Council,92
Female,93,Limerick City & County Council,96
Female,93,Tipperary County Council,73
Female,93,Waterford City & County Council,45
Female,93,Galway City Council,43
Female,93,Galway County Council,91
Female,93,Leitrim County Council,22
Female,93,Mayo  County Council,93
Female,93,Roscommon County Council,51
Female,93,Sligo County Council,35
Female,93,Cavan County Council,35
Female,93,Donegal County Council,89
Female,93,Monaghan County Council,29
Female,94,Ireland,1737
Female,94,Carlow County Council,18
Female,94,Dublin City Council,264
Female,94,Dún Laoghaire Rathdown County Council,124
Female,94,Fingal County Council,62
Female,94,South Dublin County Council,72
Female,94,Kildare County Council,39
Female,94,Kilkenny County Council,44
Female,94,Laois County Council,21
Female,94,Longford County Council,19
Female,94,Louth County Council,39
Female,94,Meath County Council,52
Female,94,Offaly County Council,30
Female,94,Westmeath County Council,36
Female,94,Wexford County Council,42
Female,94,Wicklow County Council,53
Female,94,Clare County Council,40
Female,94,Cork City Council,62
Female,94,Cork County Council,110
Female,94,Kerry County Council,56
Female,94,Limerick City & County Council,74
Female,94,Tipperary County Council,63
Female,94,Waterford City & County Council,40
Female,94,Galway City Council,17
Female,94,Galway County Council,81
Female,94,Leitrim County Council,14
Female,94,Mayo  County Council,80
Female,94,Roscommon County Council,32
Female,94,Sligo County Council,45
Female,94,Cavan County Council,20
Female,94,Donegal County Council,62
Female,94,Monaghan County Council,26
Female,95,Ireland,1344
Female,95,Carlow County Council,12
Female,95,Dublin City Council,194
Female,95,Dún Laoghaire Rathdown County Council,92
Female,95,Fingal County Council,39
Female,95,South Dublin County Council,40
Female,95,Kildare County Council,40
Female,95,Kilkenny County Council,28
Female,95,Laois County Council,8
Female,95,Longford County Council,10
Female,95,Louth County Council,39
Female,95,Meath County Council,44
Female,95,Offaly County Council,19
Female,95,Westmeath County Council,28
Female,95,Wexford County Council,36
Female,95,Wicklow County Council,44
Female,95,Clare County Council,38
Female,95,Cork City Council,42
Female,95,Cork County Council,103
Female,95,Kerry County Council,56
Female,95,Limerick City & County Council,50
Female,95,Tipperary County Council,49
Female,95,Waterford City & County Council,29
Female,95,Galway City Council,20
Female,95,Galway County Council,69
Female,95,Leitrim County Council,14
Female,95,Mayo  County Council,49
Female,95,Roscommon County Council,30
Female,95,Sligo County Council,18
Female,95,Cavan County Council,21
Female,95,Donegal County Council,63
Female,95,Monaghan County Council,20
Female,96,Ireland,956
Female,96,Carlow County Council,8
Female,96,Dublin City Council,142
Female,96,Dún Laoghaire Rathdown County Council,61
Female,96,Fingal County Council,32
Female,96,South Dublin County Council,34
Female,96,Kildare County Council,29
Female,96,Kilkenny County Council,23
Female,96,Laois County Council,14
Female,96,Longford County Council,10
Female,96,Louth County Council,25
Female,96,Meath County Council,33
Female,96,Offaly County Council,11
Female,96,Westmeath County Council,17
Female,96,Wexford County Council,33
Female,96,Wicklow County Council,26
Female,96,Clare County Council,28
Female,96,Cork City Council,43
Female,96,Cork County Council,66
Female,96,Kerry County Council,24
Female,96,Limerick City & County Council,36
Female,96,Tipperary County Council,34
Female,96,Waterford City & County Council,19
Female,96,Galway City Council,16
Female,96,Galway County Council,47
Female,96,Leitrim County Council,6
Female,96,Mayo  County Council,42
Female,96,Roscommon County Council,19
Female,96,Sligo County Council,14
Female,96,Cavan County Council,16
Female,96,Donegal County Council,34
Female,96,Monaghan County Council,14
Female,97,Ireland,732
Female,97,Carlow County Council,9
Female,97,Dublin City Council,87
Female,97,Dún Laoghaire Rathdown County Council,43
Female,97,Fingal County Council,40
Female,97,South Dublin County Council,29
Female,97,Kildare County Council,21
Female,97,Kilkenny County Council,19
Female,97,Laois County Council,8
Female,97,Longford County Council,6
Female,97,Louth County Council,20
Female,97,Meath County Council,18
Female,97,Offaly County Council,13
Female,97,Westmeath County Council,18
Female,97,Wexford County Council,31
Female,97,Wicklow County Council,21
Female,97,Clare County Council,20
Female,97,Cork City Council,28
Female,97,Cork County Council,49
Female,97,Kerry County Council,32
Female,97,Limerick City & County Council,24
Female,97,Tipperary County Council,27
Female,97,Waterford City & County Council,15
Female,97,Galway City Council,10
Female,97,Galway County Council,36
Female,97,Leitrim County Council,14
Female,97,Mayo  County Council,24
Female,97,Roscommon County Council,12
Female,97,Sligo County Council,18
Female,97,Cavan County Council,10
Female,97,Donegal County Council,21
Female,97,Monaghan County Council,9
Female,98,Ireland,492
Female,98,Carlow County Council,5
Female,98,Dublin City Council,57
Female,98,Dún Laoghaire Rathdown County Council,35
Female,98,Fingal County Council,18
Female,98,South Dublin County Council,13
Female,98,Kildare County Council,12
Female,98,Kilkenny County Council,14
Female,98,Laois County Council,1
Female,98,Longford County Council,6
Female,98,Louth County Council,17
Female,98,Meath County Council,16
Female,98,Offaly County Council,7
Female,98,Westmeath County Council,8
Female,98,Wexford County Council,18
Female,98,Wicklow County Council,12
Female,98,Clare County Council,12
Female,98,Cork City Council,20
Female,98,Cork County Council,40
Female,98,Kerry County Council,15
Female,98,Limerick City & County Council,27
Female,98,Tipperary County Council,16
Female,98,Waterford City & County Council,13
Female,98,Galway City Council,14
Female,98,Galway County Council,29
Female,98,Leitrim County Council,5
Female,98,Mayo  County Council,18
Female,98,Roscommon County Council,6
Female,98,Sligo County Council,11
Female,98,Cavan County Council,7
Female,98,Donegal County Council,11
Female,98,Monaghan County Council,9
Female,99,Ireland,336
Female,99,Carlow County Council,6
Female,99,Dublin City Council,49
Female,99,Dún Laoghaire Rathdown County Council,26
Female,99,Fingal County Council,20
Female,99,South Dublin County Council,10
Female,99,Kildare County Council,12
Female,99,Kilkenny County Council,5
Female,99,Laois County Council,3
Female,99,Longford County Council,0
Female,99,Louth County Council,6
Female,99,Meath County Council,12
Female,99,Offaly County Council,4
Female,99,Westmeath County Council,3
Female,99,Wexford County Council,15
Female,99,Wicklow County Council,7
Female,99,Clare County Council,11
Female,99,Cork City Council,20
Female,99,Cork County Council,17
Female,99,Kerry County Council,9
Female,99,Limerick City & County Council,11
Female,99,Tipperary County Council,5
Female,99,Waterford City & County Council,15
Female,99,Galway City Council,1
Female,99,Galway County Council,16
Female,99,Leitrim County Council,3
Female,99,Mayo  County Council,12
Female,99,Roscommon County Council,6
Female,99,Sligo County Council,8
Female,99,Cavan County Council,6
Female,99,Donegal County Council,13
Female,99,Monaghan County Council,5
Female,100,Ireland,584
Female,100,Carlow County Council,3
Female,100,Dublin City Council,80
Female,100,Dún Laoghaire Rathdown County Council,42
Female,100,Fingal County Council,17
Female,100,South Dublin County Council,29
Female,100,Kildare County Council,19
Female,100,Kilkenny County Council,12
Female,100,Laois County Council,10
Female,100,Longford County Council,5
Female,100,Louth County Council,23
Female,100,Meath County Council,17
Female,100,Offaly County Council,4
Female,100,Westmeath County Council,9
Female,100,Wexford County Council,14
Female,100,Wicklow County Council,15
Female,100,Clare County Council,16
Female,100,Cork City Council,20
Female,100,Cork County Council,43
Female,100,Kerry County Council,12
Female,100,Limerick City & County Council,34
Female,100,Tipperary County Council,19
Female,100,Waterford City & County Council,15
Female,100,Galway City Council,5
Female,100,Galway County Council,26
Female,100,Leitrim County Council,4
Female,100,Mayo  County Council,25
Female,100,Roscommon County Council,7
Female,100,Sligo County Council,9
Female,100,Cavan County Council,12
Female,100,Donegal County Council,31
Female,100,Monaghan County Council,7
